run_id,job_id,started_at,finished_at,status,duration_seconds,error,output_summary
fe9d944b3cdd44e0a1ee10e46efd2b31,healthcheck_ping,2026-05-03T13:00:00.009934,2026-05-03T13:00:00.011937,success,0.002,,"{'status': 'ok', 'ts': '2026-05-03T13:00:00.011937'}"
6547a0fbe0db4356a4d7da5475922e44,healthcheck_ping,2026-05-03T13:30:00.011067,2026-05-03T13:30:00.012073,success,0.001,,"{'status': 'ok', 'ts': '2026-05-03T13:30:00.012073'}"
4589b70012a84c62a722da6df6e7985c,healthcheck_ping,2026-05-03T14:00:00.007220,2026-05-03T14:00:00.007220,success,0.000,,"{'status': 'ok', 'ts': '2026-05-03T14:00:00.007220'}"
a30dc0f5e39549729103f92bd4d85850,healthcheck_ping,2026-05-03T14:30:00.002189,2026-05-03T14:30:00.002189,success,0.000,,"{'status': 'ok', 'ts': '2026-05-03T14:30:00.002189'}"
2ae60c29d3be4182a1543cb3ceb25109,healthcheck_ping,2026-05-04T00:00:00.012848,2026-05-04T00:00:00.015842,success,0.003,,"{'status': 'ok', 'ts': '2026-05-04T00:00:00.015842'}"
d34aa0d3108a41f895f63620593829b7,healthcheck_ping,2026-05-04T00:30:00.005146,2026-05-04T00:30:00.006150,success,0.001,,"{'status': 'ok', 'ts': '2026-05-04T00:30:00.005146'}"
c9f260a86f2e4eb6bbd53009fc619488,healthcheck_ping,2026-05-04T01:00:00.009817,2026-05-04T01:00:00.009817,success,0.000,,"{'status': 'ok', 'ts': '2026-05-04T01:00:00.009817'}"
7ba7eddb1ad640dd9c2ecfbcfd04698c,healthcheck_ping,2026-05-04T01:30:00.013913,2026-05-04T01:30:00.014931,success,0.001,,"{'status': 'ok', 'ts': '2026-05-04T01:30:00.014931'}"
dfff3599b8444a038f0c4f3ed4c7309d,healthcheck_ping,2026-05-04T02:00:00.007635,2026-05-04T02:00:00.007635,success,0.000,,"{'status': 'ok', 'ts': '2026-05-04T02:00:00.007635'}"
6f0ab4a0af0e421d988d3219ce21804a,healthcheck_ping,2026-05-04T02:30:00.008629,2026-05-04T02:30:00.009628,success,0.001,,"{'status': 'ok', 'ts': '2026-05-04T02:30:00.009628'}"
51d4e8dbef6441a49a1e7106afae0c6a,healthcheck_ping,2026-05-04T03:00:00.009468,2026-05-04T03:00:00.011469,success,0.002,,"{'status': 'ok', 'ts': '2026-05-04T03:00:00.011469'}"
