code,name,market
1401,エムビーエス,Growth
1431,Ｌｉｂ　Ｗｏｒｋ,Growth
1436,グリーンエナ,Growth
1444,ニッソウ,Growth
1447,ＳＡＡＦＨＤ,Growth
2158,ＦＲＯＮＴＥＯ,Growth
2160,ジーエヌアイグループ,Growth
2173,博展,Growth
2195,アミタホールディングス,Growth
2321,ソフトフロン,Growth
2334,イオレ,Growth
2370,メディネット,Growth
2385,総医研ホールディングス,Growth
2388,ウェッジＨＤ,Growth
2438,アスカネット,Growth
2497,ユナイテッド,Growth
2586,フルッタフルッタ,Growth
2934,ジェイフロンティア,Growth
2936,ベースフード,Growth
2937,サンクゼール,Growth
2978,ツクルバ,Growth
2981,ランディックス,Growth
2983,アールプランナー,Growth
2986,ＬＡホールディングス,Growth
2997,ストレージ王,Growth
2998,クリアル,Growth
3063,Ｊグループ,Growth
3070,ジェリビンズ,Growth
3133,海帆,Growth
3140,ＢＲＵＮＯ,Growth
3185,夢展望,Growth
3187,ミラタップ,Growth
3195,ジェネレーションパス,Growth
3224,ゼネラル・オイスター,Growth
3237,イントランス,Growth
3261,グランディーズ,Growth
3300,アンビＤＸ,Growth
3359,ｃｏｔｔａ,Growth
3418,バルニバービ,Growth
3474,Ｇ－ＦＡＣＴＯＲＹ,Growth
3477,フォーライフ,Growth
3479,ティーケーピー,Growth
3491,ＧＡテクノ,Growth
3542,ベガコーポレーション,Growth
3550,スタジオアタオ,Growth
3556,リネットＪ,Growth
3557,Ｕ＆Ｃ,Growth
3558,ジェイドグループ,Growth
3566,ユニフォームネクスト,Growth
3623,ビリングシステム,Growth
3624,アクセルマーク,Growth
3625,テックファム,Growth
3628,データホライゾン,Growth
3645,メディカルネット,Growth
3652,ＤＭＰ,Growth
3653,モルフォ,Growth
3664,ＷＩＺＥ,Growth
3674,オークファン,Growth
3680,ホットリンク,Growth
3691,デジタルプラス,Growth
3692,ＦＦＲＩセキュリティ,Growth
3695,ＧＭＯ－ＰＰ,Growth
3723,日本ファルコム,Growth
3727,アプリックス,Growth
3773,アドバンスト・メディア,Growth
3777,環境フレンド,Growth
3793,ドリコム,Growth
3803,イメージ情報開発,Growth
3807,フィスコ,Growth
3815,メディア工房,Growth
3900,クラウドワークス,Growth
3904,カヤック,Growth
3905,データセクション,Growth
3911,Ａｉｍｉｎｇ,Growth
3914,ＪＩＧ－ＳＡＷ,Growth
3917,アイリッジ,Growth
3929,ソーシャルワイヤー,Growth
3930,はてな,Growth
3931,バリューゴルフ,Growth
3936,グローバルウェイ,Growth
3967,エルテス,Growth
3970,イノベーション,Growth
3976,シャノン,Growth
3979,うるる,Growth
3987,エコモット,Growth
3989,シェアテク,Growth
3991,ウォンテッドリー,Growth
3998,すららネット,Growth
4011,ヘッドウォータース,Growth
4013,勤次郎,Growth
4014,カラダノート,Growth
4015,ペイクラウド,Growth
4017,クリーマ,Growth
4019,スタメン,Growth
4020,ビートレンド,Growth
4052,フィーチャ,Growth
4054,日本情報クリエイト,Growth
4055,ティアンドエスグループ,Growth
4056,ニューラルグループ,Growth
4057,インターファクトリー,Growth
4058,トヨクモ,Growth
4060,ｒａｋｕｍｏ,Growth
4068,ベイシス,Growth
4069,ＢｌｕｅＭｅｍｅ,Growth
4073,ジィ・シィ企画,Growth
4074,ラキール,Growth
4075,ブレインズテクノロジー,Growth
4076,シイエヌエス,Growth
4165,プレイド,Growth
4166,かっこ,Growth
4167,ココペリ,Growth
4168,ヤプリ,Growth
4169,ＥＮＥＣＨＡＮＧＥ,Growth
4170,カイゼン,Growth
4175,ｃｏｌｙ,Growth
4176,ココナラ,Growth
4177,ｉ－ｐｌｕｇ,Growth
4178,Ｓイノベ,Growth
4179,ジーネクスト,Growth
4192,スパイダープラス,Growth
4199,ワンダープラネット,Growth
4255,ＴＨＥＣＯＯ,Growth
4256,サインド,Growth
4258,網屋,Growth
4259,エクサウィザーズ,Growth
4260,ハイブリッド,Growth
4261,アジアクエスト,Growth
4262,ニフティライフスタイル,Growth
4263,サスメド,Growth
4264,セキュア,Growth
4265,ＩＧＳ,Growth
4270,ＢｅｅＸ,Growth
4308,Ｊストリーム,Growth
4316,ビーマップ,Growth
4370,モビルス,Growth
4371,ＣＣＴ,Growth
4372,ユミルリンク,Growth
4374,ロボペイ,Growth
4375,セーフィー,Growth
4376,くふうカンパ,Growth
4377,ワンキャリア,Growth
4378,ＣＩＮＣ,Growth
4379,Ｐｈｏｔｏｓｙｎｔｈ,Growth
4380,Ｍマート,Growth
4381,ビープラッツ,Growth
4387,ＺＵＵ,Growth
4389,プロパティデータバンク,Growth
4391,ロジザード,Growth
4393,バンクオブイ,Growth
4394,エクスモーション,Growth
4395,アクリート,Growth
4397,チームスピリット,Growth
4412,サイエンスアーツ,Growth
4414,フレクト,Growth
4415,ブロードＥ,Growth
4416,Ｔｒｕｅ　Ｄａｔａ,Growth
4417,Ｇセキュリ,Growth
4418,ＪＤＳＣ,Growth
4419,フィナＨＤ,Growth
4422,ＶＡＬＵＥＮＥＸ,Growth
4424,Ａｍａｚｉａ,Growth
4425,Ｋｕｄａｎ,Growth
4427,ＥｄｕＬａｂ,Growth
4428,シノプス,Growth
4429,リックソフト,Growth
4431,スマレジ,Growth
4436,ミンカブ,Growth
4437,ＧＤＨ,Growth
4438,Ｗｅｌｂｙ,Growth
4442,バルテスＨＤ,Growth
4444,インフォネット,Growth
4445,リビン・テクノロジーズ,Growth
4447,ピー・ビーシステムズ,Growth
4448,ｋｕｂｅｌｌ,Growth
4450,パワーソリューションズ,Growth
4475,ＨＥＮＮＧＥ,Growth
4476,ＡＩ　ＣＲＯＳＳ,Growth
4477,ＢＡＳＥ,Growth
4478,フリー,Growth
4479,マクアケ,Growth
4482,ウィルズ,Growth
4484,ランサーズ,Growth
4486,ユナイトアンドグロウ,Growth
4487,スペースマーケット,Growth
4488,ＡＩ　ｉｎｓｉｄｅ,Growth
4490,ビザスク,Growth
4493,サイバーセキ,Growth
4495,ｉ３,Growth
4496,コマースワン,Growth
4498,サイバートラスト,Growth
4563,アンジェス,Growth
4564,オンコセラピ,Growth
4570,免疫生物研究所,Growth
4571,ＮＡＮＯＨＤ,Growth
4572,カルナバイオサイエンス,Growth
4575,キャンバス,Growth
4576,ＤＷセラピ研,Growth
4579,ラクオリア創薬,Growth
4582,シンバイオ製薬,Growth
4583,カイオム,Growth
4584,キッズウェル・バイオ,Growth
4586,メドレックス,Growth
4588,オンコリス,Growth
4591,リボミック,Growth
4592,サンバイオ,Growth
4593,ヘリオス,Growth
4594,ブライトパス・バイオ,Growth
4596,窪田製薬ＨＤ,Growth
4597,ソレイジア・ファーマ,Growth
4598,デルタフライ,Growth
4599,ステムリム,Growth
4772,ＳＭＥＪ,Growth
4811,ドリーム・アーツ,Growth
4833,Ｄｅｆコン,Growth
4881,ファンペップ,Growth
4882,ペルセウス,Growth
4883,モダリス,Growth
4884,クリングルファーマ,Growth
4888,ステラファーマ,Growth
4889,レナサイエンス,Growth
4890,坪田ラボ,Growth
4891,ティムス,Growth
4892,サイフューズ,Growth
4893,ノイル,Growth
4894,クオリプス,Growth
4896,ケイファーマ,Growth
4934,Ｐアンチエイ,Growth
4937,Ｗａｑｏｏ,Growth
4978,リプロセル,Growth
5025,マーキュリー,Growth
5026,トリプルアイズ,Growth
5027,エニマインド,Growth
5028,セカンドＸ,Growth
5029,サークレイス,Growth
5031,モイ,Growth
5033,ヌーラボ,Growth
5034,ｕｎｅｒｒｙ,Growth
5035,ＨＯＵＳＥＩ,Growth
5038,ｅＷｅＬＬ,Growth
5125,ファインズ,Growth
5126,ポーターズ,Growth
5129,ＦＩＸＥＲ,Growth
5131,リンカーズ,Growth
5132,ｐｌｕｓｚｅｒｏ,Growth
5134,ＰＯＰＥＲ,Growth
5136,ｔｒｉｐｌａ,Growth
5137,スマートドライブ,Growth
5138,Ｒｅｂａｓｅ,Growth
5139,オープンワーク,Growth
5240,ｍｏｎｏＡＩ,Growth
5242,アイズ,Growth
5243,ｎｏｔｅ,Growth
5244,ｊｉｇ．ｊｐ,Growth
5246,ＥＬＥＭＥＮＴＳ,Growth
5247,ＢＴＭ,Growth
5248,テクノロジーズ,Growth
5252,日本ナレッジ,Growth
5253,カバー,Growth
5254,Ａｒｅｎｔ,Growth
5255,モンスターラボ,Growth
5256,Ｆｕｓｉｃ,Growth
5258,ＴＭＮ,Growth
5527,プロパテクノ,Growth
5532,リアルゲイト,Growth
5537,ＡｌｂａＬｉｎｋ,Growth
5570,ジェノバ,Growth
5572,Ｒｉｄｇｅ－ｉ,Growth
5574,ＡＢＥＪＡ,Growth
5575,Ｇｌｏｂｅｅ,Growth
5578,ＡＲアドバン,Growth
5580,プロディライト,Growth
5582,グリッド,Growth
5586,Ｌａｂｏｒｏ．ＡＩ,Growth
5587,インバＰＦ,Growth
5588,ファーストＡ,Growth
5590,ネットスターズ,Growth
5591,ＡＶＩＬＥＮ,Growth
5592,くすりの窓口,Growth
5597,ブルーイノベーション,Growth
5599,Ｓ＆Ｊ,Growth
5616,雨風太陽,Growth
5618,ナイル,Growth
5619,マーソ,Growth
5621,ヒューマンＴ,Growth
5704,ＪＭＣ,Growth
5834,ＳＢＩリーシ,Growth
5842,インテグラル,Growth
5858,ＳＴＧ,Growth
5867,エスネットワークス,Growth
5870,ナルネット,Growth
5884,クラダシ,Growth
5888,ＤＡＩＷＡ　ＣＹＣＬＥ,Growth
5892,ｙｕｔｏｒｉ,Growth
6030,アドベンチャー,Growth
6031,ＺＥＴＡ,Growth
6033,エクストリーム,Growth
6034,ＭＲＴ,Growth
6038,イード,Growth
6039,動物高度医療,Growth
6040,日本スキー場開発,Growth
6045,レントラックス,Growth
6049,イトクロ,Growth
6069,トレンダーズ,Growth
6081,アライドアーキテクツ,Growth
6085,アーキテクツ,Growth
6086,シンメンテ,Growth
6094,フリークＨＤ,Growth
6166,中村超硬,Growth
6173,アクアライン,Growth
6177,ＡｐｐＢａｎｋ,Growth
6180,ＧＭＯメディア,Growth
6181,タメニー,Growth
6182,メタリアル,Growth
6190,フェニックスバイオ,Growth
6193,バーチャレク,Growth
6195,ホープ,Growth
6198,キャリア,Growth
6224,ＪＲＣ,Growth
6232,ＡＣＳＬ,Growth
6255,エヌ・ピー・シー,Growth
6521,オキサイド,Growth
6522,アスタリスク,Growth
6537,ＷＡＳＨハウス,Growth
6545,ＩＩＦ,Growth
6548,旅工房,Growth
6554,エスユーエス,Growth
6557,ＡＩＡＩグループ,Growth
6558,クックビズ,Growth
6561,ハナツアーＪ,Growth
6562,ジーニー,Growth
6563,みらいワークス,Growth
6568,神戸天然物化学,Growth
6573,ＣＲＡＶＩＡ,Growth
6574,コンヴァノ,Growth
6577,ベストワンドットコム,Growth
6579,ログリー,Growth
6580,ライトアップ,Growth
6597,ＨＰＣシステムズ,Growth
6612,バルミューダ,Growth
6613,ＱＤレーザ,Growth
6696,トラースＯＰ,Growth
7031,インバウンドテック,Growth
7036,イーエムネットジャパン,Growth
7039,ブリッジ－Ｇ,Growth
7041,ＣＲＧホールディングス,Growth
7043,アルー,Growth
7046,ＴＤＳＥ,Growth
7047,ポート,Growth
7048,ベルトラ,Growth
7049,識学,Growth
7050,Ｆインタ,Growth
7061,日本ホスピス,Growth
7062,フレアス,Growth
7063,Ｂｉｒｄｍａｎ,Growth
7066,ピアズ,Growth
7067,ブランドＴ,Growth
7068,ＦフォースＧ,Growth
7069,サイバー・バズ,Growth
7072,インテＭ,Growth
7073,ジェイック,Growth
7074,２４７ＨＤ,Growth
7075,ＱＬＳホールディングス,Growth
7077,ＡＬｉＮＫ,Growth
7078,ＩＮＣＨＤ,Growth
7079,ＷＤＢココ,Growth
7080,スポーツフィールド,Growth
7082,ジモティー,Growth
7083,ＡＨＣグループ,Growth
7084,スマイルＨＤ,Growth
7089,フォースタートアップス,Growth
7090,リグア,Growth
7091,リビングＰＦ,Growth
7093,アディッシュ,Growth
7094,ＮｅｘＴｏｎｅ,Growth
7096,ステムセル研究所,Growth
7097,さくらさくプラス,Growth
7110,クラシコム,Growth
7112,キューブ,Growth
7114,フーディソン,Growth
7119,ハルメク,Growth
7133,ヒュウガプラ,Growth
7138,ＴＯＲＩＣＯ,Growth
7140,ペットゴー,Growth
7317,松屋アールアンドディ,Growth
7318,セレンＨＤ,Growth
7320,Ｓｏｌｖｖｙ,Growth
7325,アイリック,Growth
7326,ＳＢＩＩＧ,Growth
7343,ブロードマインド,Growth
7345,ＡＩＰＦ,Growth
7351,グッドパッチ,Growth
7352,ＴＷＯＳＴ,Growth
7353,ＫＩＹＯラーニング,Growth
7356,Ｒｅｔｔｙ,Growth
7359,東京通信グループ,Growth
7360,オンデック,Growth
7361,ＨＣＨ,Growth
7362,Ｔ．Ｓ．Ｉ,Growth
7363,ベビーカレンダー,Growth
7369,メイホーＨＤ,Growth
7370,Ｅｎｊｉｎ,Growth
7371,Ｚｅｎｋｅｎ,Growth
7372,デコルテＨＤ,Growth
7373,アイドマＨＤ,Growth
7374,コンフインタ,Growth
7375,リファバスＧ,Growth
7376,ＢＣＣ,Growth
7378,アシロ,Growth
7409,ＡｅｒｏＥｄｇｅ,Growth
7674,ＮＡＴＴＹ,Growth
7685,バイセル,Growth
7687,ミクリード,Growth
7689,コパ・コーポレーション,Growth
7694,いつも,Growth
7695,交換できるくん,Growth
7707,ＰＳＳ,Growth
7774,Ｊティッシュ,Growth
7776,セルシード,Growth
7777,３ＤＭ,Growth
7779,ＣＹＢＥＲＤＹＮＥ,Growth
7792,コラントッテ,Growth
7793,イメージ・マジック,Growth
7794,イーディーピー,Growth
7803,ブシロード,Growth
7806,ＭＴＧ,Growth
8938,グロームＨＤ,Growth
9158,シーユーシー,Growth
9159,Ｗ　ＴＯＫＹＯ,Growth
9162,ブリーチ,Growth
9163,ナレルグループ,Growth
9165,クオルテック,Growth
9166,ＧＥＮＤＡ,Growth
9168,ライズＣＧ,Growth
9204,スカイマーク,Growth
9211,エフ・コード,Growth
9212,ＧＥＩ,Growth
9214,ＲＩ,Growth
9215,ＣａＳｙ,Growth
9218,ＭＨＴ,Growth
9219,ギックス,Growth
9223,ＡＳＮＯＶＡ,Growth
9225,ブリッジＧ,Growth
9227,マイクロ波化学,Growth
9235,売れるＧ,Growth
9236,ジャパンＭＡ,Growth
9237,笑美面,Growth
9238,バリュークリエーション,Growth
9240,デリバリコン,Growth
9241,ＦＬネット,Growth
9242,メディア総研,Growth
9244,デジタリフト,Growth
9245,リベロ,Growth
9246,プロＨＤ,Growth
9250,ＧＲＣＳ,Growth
9251,ＡＢ＆Ｃｏｍｐａｎｙ,Growth
9252,ラストワンマイル,Growth
9253,スローガン,Growth
9254,ラバブルＭＧ,Growth
9256,サクシード,Growth
9258,ＣＳ－Ｃ,Growth
9259,タカヨシＨＤ,Growth
9270,バリュエンス,Growth
9271,和心,Growth
9272,ブティックス,Growth
9326,関通ホールディングス,Growth
9330,揚羽,Growth
9331,キャスター,Growth
9337,トリドリ,Growth
9338,ＩＮＦＯＲＩＣＨ,Growth
9342,スマサポ,Growth
9343,アイビス,Growth
9344,アクシスＣ,Growth
9345,ビズメイツ,Growth
9346,ココルポート,Growth
9348,ｉｓｐａｃｅ,Growth
9467,アルファポリス,Growth
9553,マイクロアド,Growth
9554,ＡＶｉＣ,Growth
9556,ＩＮＴＬＯＯＰ,Growth
9557,エアークローゼット,Growth
9558,ジャパニアス,Growth
9560,プログリット,Growth
9561,グラッドキューブ,Growth
9562,ビジネスコーチ,Growth
9563,アトラスＴ,Growth
9565,ＧＬＯＥ,Growth
130A,ウェリタス,Growth
135A,ヴレインＳ,Growth
137A,Ｃｏｃｏｌｉｖｅ,Growth
138A,光フードサービス,Growth
141A,トライアル,Growth
142A,ジンジブ,Growth
143A,イシン,Growth
145A,Ｌ　ｉｓ　Ｂ,Growth
147A,ソラコム,Growth
148A,ハッチ・ワーク,Growth
149A,シンカ,Growth
150A,ＪＳＨ,Growth
151A,ダイブ,Growth
153A,カウリス,Growth
155A,情報戦略テクノロジー,Growth
156A,マテリアルグループ,Growth
157A,グリーンモンスター,Growth
166A,タスキホールディングス,Growth
168A,イタミアート,Growth
173A,ハンモック,Growth
175A,Ｗｉｌｌ　Ｓｍａｒｔ,Growth
177A,コージンバイオ,Growth
184A,学びエイド,Growth
186A,アストロＨＤ,Growth
189A,Ｄ＆Ｍカンパニー,Growth
190A,コーディア,Growth
192A,インテグループ,Growth
194A,ＷＯＬＶＥＳ　ＨＡＮＤ,Growth
195A,マスカットＧ,Growth
196A,ＭＦＳ,Growth
198A,ＰｏｓｔＰｒｉｍｅ,Growth
205A,ロゴスホールディングス,Growth
206A,ＰＲＩＳＭバ,Growth
215A,タイミー,Growth
218A,Ｌｉｂｅｒａｗａｒｅ,Growth
219A,Ｈｅａｒｔｓｅｅｄ,Growth
228A,オプロ,Growth
241A,ＲＯＸＸ,Growth
244A,グロースｘＰ,Growth
245A,ＩＮＧＳ,Growth
246A,アスア,Growth
247A,Ａｉロボティクス,Growth
248A,キッズスター,Growth
264A,Ｓｃｈｏｏ,Growth
265A,Ｈｍｃｏｍｍ,Growth
269A,Ｓａｐｅｅｔ,Growth
276A,ククレブ,Growth
278A,Ｔｅｒｒａ　Ｄｒｏｎｅ,Growth
280A,ＴＭＨ,Growth
281A,インフォメティス,Growth
286A,ユカリア,Growth
288A,ラクサス,Growth
290A,Ｓｙｎｓｐｅｃｔｉｖｅ,Growth
291A,リスキル,Growth
296A,令和ＡＨ,Growth
298A,ＧＶＡ　ＴＥＣＨ,Growth
299A,クラシル,Growth
302A,ビースタイル,Growth
303A,ｖｉｓｕｍｏ,Growth
304A,フォルシア,Growth
319A,技術承継機構,Growth
323A,フライヤー,Growth
324A,ブッキングリゾート,Growth
325A,ＴＥＮＴＩＡＬ,Growth
330A,ＴａｌｅｎｔＸ,Growth
332A,ミーク,Growth
334A,ＶＰＪ,Growth
335A,ミライロ,Growth
336A,ダイナマップ,Growth
338A,ＺｅｎｍｕＴｅｃｈ,Growth
339A,プログレス,Growth
340A,ジグザグ,Growth
341A,トヨコー,Growth
350A,デジタルグリッド,Growth
352A,ＬＯＩＶＥ,Growth
366A,ウェルネス,Growth
369A,エータイ,Growth
373A,リップス,Growth
378A,ヒット,Growth
387A,フラー,Growth
402A,アクセルＨＤ,Growth
410A,ＧＭＯコマース,Growth
414A,オーバラップ,Growth
415A,ＧＭＯテック,Growth
421A,ムービン,Growth
431A,ユーソナー,Growth
436A,サイバＳＯＬ,Growth
438A,インフキュリオン,Growth
441A,ＮＥ,Growth
442A,クラシコ,Growth
446A,ノースサンド,Growth
456A,ＨＵＭＡＮ　ＭＡＤＥ,Growth
460A,ＢＲＡＮＵ,Growth
462A,ＦＵＮＤＩＮＮＯ,Growth
464A,ＱＰＳホールディングス,Growth
469A,フィットクルー,Growth
472A,ミラティブ,Growth
477A,スタートライン,Growth
478A,フツパー,Growth
479A,ＰＲＯＮＩ,Growth
480A,リブ・コンサルティング,Growth
485A,パワーエックス,Growth
504A,イノバセル,Growth
519A,ベーシック,Growth
520A,ジェイファーマ,Growth
523A,セイワホールディングス,Growth
542A,ビタブリッドジャパン,Growth
554A,バトンズ,Growth
556A,犬猫生活,Growth
558A,ＳＱＵＥＥＺＥ,Growth
1301,極洋,Prime
1332,ニッスイ,Prime
1333,Ｕｍｉｏｓ,Prime
1375,ユキグニファクトリー,Prime
1377,サカタのタネ,Prime
1379,ホクト,Prime
1414,ショーボンド,Prime
1417,ミライト・ワン,Prime
1419,タマホーム,Prime
1429,日本アクア,Prime
1433,ベステラ,Prime
1515,日鉄鉱業,Prime
1518,三井松島ＨＤ,Prime
1605,ＩＮＰＥＸ,Prime
1662,石油資源開発,Prime
1663,Ｋ＆Ｏエナジーグループ,Prime
1719,安藤・間,Prime
1720,東急建設,Prime
1721,コムシスＨＤ,Prime
1726,Ｂｒ．ＨＤ,Prime
1762,高松グループ,Prime
1766,東建コーポレーション,Prime
1780,ヤマウラ,Prime
1786,オリエンタル白石,Prime
1801,大成建設,Prime
1802,大林組,Prime
1803,清水建設,Prime
1808,長谷工コーポレーション,Prime
1812,鹿島建設,Prime
1813,不動テトラ,Prime
1814,大末建設,Prime
1815,鉄建建設,Prime
1820,西松建設,Prime
1833,奥村組,Prime
1835,東鉄工業,Prime
1852,淺沼組,Prime
1860,戸田建設,Prime
1861,熊谷組,Prime
1870,矢作建設工業,Prime
1871,ピーエス,Prime
1873,日本ハウス,Prime
1878,大東建託,Prime
1879,新日本建設,Prime
1882,東亜道路工業,Prime
1885,東亜建設工業,Prime
1887,日本国土開発,Prime
1888,若築建設,Prime
1893,五洋建設,Prime
1898,世紀東急工業,Prime
1899,福田組,Prime
1911,住友林業,Prime
1925,大和ハウス工業,Prime
1926,ライト工業,Prime
1928,積水ハウス,Prime
1929,日特建設,Prime
1930,北陸電気工事,Prime
1934,ユアテック,Prime
1938,日本リーテック,Prime
1939,四電工,Prime
1941,中電工,Prime
1942,関電工,Prime
1944,きんでん,Prime
1945,東京エネシス,Prime
1946,トーエネック,Prime
1950,日本電設工業,Prime
1951,エクシオグループ,Prime
1952,新日本空調,Prime
1959,クラフティア,Prime
1961,三機工業,Prime
1963,日揮ホールディングス,Prime
1964,中外炉工業,Prime
1968,太平電業,Prime
1969,高砂熱学工業,Prime
1975,朝日工業社,Prime
1976,明星工業,Prime
1979,大氣社,Prime
1980,ダイダン,Prime
1982,日比谷総合設備,Prime
2001,ニップン,Prime
2002,日清製粉グループ本社,Prime
2004,昭和産業,Prime
2053,中部飼料,Prime
2060,フィード・ワン,Prime
2108,日本甜菜製糖,Prime
2109,ＤＭ三井製糖,Prime
2117,ウェルネオシュガー,Prime
2120,ＬＩＦＵＬＬ,Prime
2121,ＭＩＸＩ,Prime
2124,ジェイエイシ,Prime
2127,日本Ｍ＆Ａ,Prime
2130,メンバーズ,Prime
2146,ＵＴグループ,Prime
2148,アイティメディア,Prime
2153,Ｅ・Ｊホールディングス,Prime
2154,オープンアップグループ,Prime
2157,コシダカＨＤ,Prime
2163,アルトナー,Prime
2168,パソナグループ,Prime
2170,ＬＩＮＫ＆Ｍ,Prime
2175,エス・エム・エス,Prime
2181,パーソルＨＤ,Prime
2198,アイケイケイ,Prime
2201,森永製菓,Prime
2206,江崎グリコ,Prime
2207,ｍｅｉｔｏ,Prime
2209,井村屋グループ,Prime
2211,不二家,Prime
2212,山崎製パン,Prime
2217,モロゾフ,Prime
2220,亀田製菓,Prime
2222,寿スピリッツ,Prime
2229,カルビー,Prime
2264,森永乳業,Prime
2266,六甲バター,Prime
2267,ヤクルト本社,Prime
2269,明治ホールディングス,Prime
2270,雪印メグミルク,Prime
2281,プリマハム,Prime
2282,日本ハム,Prime
2288,丸大食品,Prime
2292,Ｓ　Ｆｏｏｄｓ,Prime
2294,柿安本店,Prime
2296,伊藤米久ＨＤ,Prime
2301,学情,Prime
2307,クロスキャット,Prime
2317,システナ,Prime
2325,ＮＪＳ,Prime
2326,デジタルアーツ,Prime
2327,日鉄ソリューションズ,Prime
2331,ＡＬＳＯＫ,Prime
2335,キューブシステム,Prime
2337,いちご,Prime
2353,日本駐車場開発,Prime
2359,コア,Prime
2371,カカクコム,Prime
2378,ルネサンス,Prime
2379,ディップ,Prime
2384,ＳＢＳホールディングス,Prime
2395,新日本科学,Prime
2410,キャリアデザ,Prime
2413,エムスリー,Prime
2429,ワールドＨＤ,Prime
2432,ディー・エヌ・エー,Prime
2433,博報堂ＤＹ,Prime
2461,ファンコミ,Prime
2462,ライク,Prime
2471,エスプール,Prime
2475,ＷＤＢホールディングス,Prime
2491,バリューコマース,Prime
2492,インフォマート,Prime
2501,サッポロＨＤ,Prime
2502,アサヒ,Prime
2503,キリンホールディングス,Prime
2531,宝ホールディングス,Prime
2533,オエノンＨＤ,Prime
2540,養命酒製造,Prime
2579,コカＢＪＨ,Prime
2585,Ｌドリンク,Prime
2587,サントリＢＦ,Prime
2590,ＤｙＤｏ,Prime
2593,伊藤園,Prime
2594,キーコーヒー,Prime
2602,日清オイリオグループ,Prime
2607,不二製油,Prime
2613,Ｊ－オイルミルズ,Prime
2659,サンエー,Prime
2664,カワチ薬品,Prime
2670,エービーシー・マート,Prime
2674,ハードオフ,Prime
2676,高千穂交易,Prime
2678,アスクル,Prime
2681,ゲオホールディングス,Prime
2685,アンドエスティＨＤ,Prime
2692,伊藤忠食品,Prime
2695,くら寿司,Prime
2726,パルＨＤ,Prime
2730,エディオン,Prime
2733,あらた,Prime
2734,サーラコーポレーション,Prime
2737,トーメンデバイス,Prime
2742,ハローズ,Prime
2749,ＪＰホールディングス,Prime
2752,フジオフード,Prime
2753,あみやき亭,Prime
2760,東エレデバ,Prime
2767,円谷フィＨＤ,Prime
2768,双日,Prime
2784,アルフレッサ,Prime
2791,大黒天物産,Prime
2792,ハニーズＨＤ,Prime
2801,キッコーマン,Prime
2802,味の素,Prime
2804,ブルドックソース,Prime
2809,キユーピー,Prime
2810,ハウス食品グループ本社,Prime
2811,カゴメ,Prime
2815,アリアケジャパン,Prime
2871,ニチレイ,Prime
2874,ヨコレイ,Prime
2875,東洋水産,Prime
2882,イートアンド,Prime
2884,ヨシムラＨＤ,Prime
2897,日清食ＨＤ,Prime
2908,フジッコ,Prime
2910,ロック・フィールド,Prime
2914,ＪＴ,Prime
2915,ケンコーマヨネーズ,Prime
2918,わらべ日洋,Prime
2922,なとり,Prime
2929,ファーマフーズ,Prime
2930,北の達人,Prime
2931,ユーグレナ,Prime
2933,紀文食品,Prime
2935,ピックルス,Prime
2975,スターマイカ,Prime
2980,ＳＲＥホールディングス,Prime
2982,ＡＤワークスグループ,Prime
3002,グンゼ,Prime
3003,ヒューリック,Prime
3028,アルペン,Prime
3031,ラクーンＨＤ,Prime
3034,クオールＨＤ,Prime
3036,アルコニックス,Prime
3038,神戸物産,Prime
3040,ソリトンシステムズ,Prime
3046,ジンズホールディングス,Prime
3048,ビックカメラ,Prime
3050,ＤＣＭホールディングス,Prime
3064,ＭｏｎｏｔａＲＯ,Prime
3076,あい　ホールディングス,Prime
3086,Ｊフロント,Prime
3087,ドトル日レス,Prime
3088,マツキヨココ,Prime
3091,ブロンコビリー,Prime
3092,ＺＯＺＯ,Prime
3093,トレファク,Prime
3097,物語コーポレーション,Prime
3099,三越伊勢丹,Prime
3101,東洋紡,Prime
3104,富士紡ホールディングス,Prime
3105,日清紡ホールディングス,Prime
3106,クラボウ,Prime
3107,ダイワボウ,Prime
3109,シキボウ,Prime
3110,日東紡績,Prime
3116,トヨタ紡織,Prime
3132,マクニカＨＤ,Prime
3139,ラクト・ジャパン,Prime
3148,クリエイトＳ,Prime
3150,グリムス,Prime
3151,バイタルＫＳ,Prime
3153,八洲電機,Prime
3154,メディアス,Prime
3156,レスター,Prime
3167,ＴＯＫＡＩ,Prime
3176,三洋貿易,Prime
3179,シュッピン,Prime
3180,ビューティガレージ,Prime
3182,オイシックス・ラ・大地,Prime
3183,ウイン・パートナーズ,Prime
3186,ネクステージ,Prime
3191,ジョイフル本田,Prime
3193,エターナルＧ,Prime
3196,ホットランド,Prime
3197,すかいらーく,Prime
3198,ＳＦＰホールディングス,Prime
3199,綿半ホールディングス,Prime
3201,日本毛織,Prime
3221,ヨシックス,Prime
3231,野村不ＨＤ,Prime
3232,三重交ＨＤ,Prime
3245,ディア・ライフ,Prime
3252,地主,Prime
3276,ＪＰＭＣ,Prime
3284,フージャース,Prime
3288,オープンハウスグループ,Prime
3289,東急不ＨＤ,Prime
3291,飯田ＧＨＤ,Prime
3302,帝国繊維,Prime
3315,日本コークス工業,Prime
3333,あさひ,Prime
3349,コスモス薬品,Prime
3360,シップＨＤ,Prime
3371,ソフトクリエ,Prime
3382,セブン＆アイ,Prime
3387,クリレスＨＤ,Prime
3388,明治電機工業,Prime
3391,ツルハホールディングス,Prime
3393,スタティアＨ,Prime
3395,サンマルク,Prime
3397,トリドール,Prime
3401,帝人,Prime
3402,東レ,Prime
3405,クラレ,Prime
3407,旭化成,Prime
3415,ＴＯＫＹＯ　ＢＡＳＥ,Prime
3431,宮地エンジ,Prime
3433,トーカロ,Prime
3436,ＳＵＭＣＯ,Prime
3443,川田テクノロジーズ,Prime
3445,ＲＳテクノ,Prime
3457,ＡｎｄＤｏ,Prime
3465,ケイアイスター不動産,Prime
3475,グッドコムアセット,Prime
3480,ジェイ・エス・ビー,Prime
3482,ロードスターキャピタル,Prime
3486,グロバルＬＭ,Prime
3496,アズーム,Prime
3498,霞ヶ関キャピタル,Prime
3501,ＳＵＭＩＮＯＥ,Prime
3539,ＪＭホールディングス,Prime
3543,コメダホールディングス,Prime
3546,アレンザＨＤ,Prime
3548,バロック,Prime
3549,クスリアオキ,Prime
3561,力の源ホールディングス,Prime
3563,Ｆ＆ＬＣ,Prime
3569,セーレン,Prime
3580,小松マテーレ,Prime
3591,ワコールＨＤ,Prime
3593,ホギメディカル,Prime
3608,ＴＳＩホールディングス,Prime
3612,ワールド,Prime
3626,ＴＩＳ,Prime
3632,グリーホールディングス,Prime
3635,コーテクＨＤ,Prime
3636,三菱総合研究所,Prime
3649,ファインデックス,Prime
3656,ＫＬａｂ,Prime
3657,ポールＨＤ,Prime
3659,ネクソン,Prime
3660,アイスタイル,Prime
3661,エムアップ,Prime
3662,エイチーム,Prime
3663,セルシス,Prime
3665,エニグモ,Prime
3668,コロプラ,Prime
3673,ブロードリーフ,Prime
3676,デジハＨＤ,Prime
3678,メディアドゥ,Prime
3679,じげん,Prime
3681,ブイキューブ,Prime
3687,フィックスターズ,Prime
3694,オプティム,Prime
3696,セレス,Prime
3697,ＳＨＩＦＴ,Prime
3708,特種東海製紙,Prime
3741,セック,Prime
3762,テクマトリックス,Prime
3763,プロシップ,Prime
3765,ガンホー,Prime
3769,ＧＭＯ－ＰＧ,Prime
3771,システムリサーチ,Prime
3774,ＩＩＪ,Prime
3778,さくらインターネット,Prime
3788,ＧＭＯ－ＧＳ,Prime
3817,ＳＲＡホールディングス,Prime
3834,朝日ネット,Prime
3835,ｅＢＡＳＥ,Prime
3836,アバントグループ,Prime
3837,アドソル日進,Prime
3843,フリービット,Prime
3844,コムチュア,Prime
3853,アステリア,Prime
3854,アイル,Prime
3861,王子ホールディングス,Prime
3863,日本製紙,Prime
3864,三菱製紙,Prime
3865,北越コーポレーション,Prime
3877,中越パルプ工業,Prime
3880,大王製紙,Prime
3901,マークラインズ,Prime
3903,ｇｕｍｉ,Prime
3915,テラスカイ,Prime
3916,ＤＩＴ,Prime
3921,ネオジャパン,Prime
3922,ＰＲ　ＴＩＭＥＳ,Prime
3923,ラクス,Prime
3925,ダブルスタンダード,Prime
3932,アカツキ,Prime
3939,カナミックネットワーク,Prime
3941,レンゴー,Prime
3946,トーモク,Prime
3950,ザ・パック,Prime
3962,チェンジＨＤ,Prime
3963,シンクロ・フード,Prime
3964,オークネット,Prime
3968,セグエグループ,Prime
3983,オロ,Prime
3984,ユーザーローカル,Prime
3992,ニーズウェル,Prime
3993,パークシャ,Prime
3994,マネーフォワード,Prime
4004,レゾナック,Prime
4005,住友化学,Prime
4008,住友精化,Prime
4021,日産化学,Prime
4022,ラサ工業,Prime
4023,クレハ,Prime
4025,多木化学,Prime
4027,テイカ,Prime
4028,石原産業,Prime
4041,日本曹達,Prime
4042,東ソー,Prime
4043,トクヤマ,Prime
4044,セントラル硝子,Prime
4045,東亞合成,Prime
4046,大阪ソーダ,Prime
4047,関東電化工業,Prime
4051,ＧＭＯ－ＦＧ,Prime
4053,サンアスタ,Prime
4061,デンカ,Prime
4062,イビデン,Prime
4063,信越化学工業,Prime
4064,日本カーバイド工業,Prime
4071,ＰＡコンサル,Prime
4072,電算システム,Prime
4078,堺化学工業,Prime
4082,第一稀元素化学工業,Prime
4088,エア・ウォーター,Prime
4091,日本酸素ＨＤ,Prime
4092,日本化学工業,Prime
4095,日本パーカライジング,Prime
4097,高圧ガス工業,Prime
4099,四国化ＨＤ,Prime
4109,ステラ　ケミファ,Prime
4112,保土谷化学工業,Prime
4114,日本触媒,Prime
4116,大日精化工業,Prime
4118,カネカ,Prime
4151,協和キリン,Prime
4180,Ａｐｐｉｅｒ,Prime
4182,三菱ガス化学,Prime
4183,三井化学,Prime
4186,東京応化工業,Prime
4187,大阪有機化学工業,Prime
4188,三菱ケミカルグループ,Prime
4189,ＫＨネオケム,Prime
4194,ビジョナル,Prime
4202,ダイセル,Prime
4203,住友ベークライト,Prime
4204,積水化学工業,Prime
4205,日本ゼオン,Prime
4206,アイカ工業,Prime
4208,ＵＢＥ,Prime
4212,積水樹脂,Prime
4216,旭有機材,Prime
4218,ニチバン,Prime
4220,リケンテクノス,Prime
4221,大倉工業,Prime
4228,積水化成品工業,Prime
4229,群栄化学工業,Prime
4246,ダイキョーニシカワ,Prime
4249,森六,Prime
4251,恵和,Prime
4272,日本化薬,Prime
4275,カーリット,Prime
4290,ＰＩ,Prime
4301,アミューズ,Prime
4307,野村総合研究所,Prime
4310,ドリームインキュベータ,Prime
4318,クイック,Prime
4323,日本システム技術,Prime
4324,電通グループ,Prime
4326,インテージＨ,Prime
4331,Ｔ＆Ｇニーズ,Prime
4337,ぴあ,Prime
4343,イオンファンタジー,Prime
4344,ソースネクスト,Prime
4345,シーティーエス,Prime
4362,日本精化,Prime
4368,扶桑化学工業,Prime
4369,トリケミカル研究所,Prime
4373,シンプレクス,Prime
4384,ラクスル,Prime
4385,メルカリ,Prime
4390,アイ・ピー・エス,Prime
4392,ＦＩＧ,Prime
4396,システムサポ,Prime
4401,ＡＤＥＫＡ,Prime
4403,日油,Prime
4410,ハリマ化成グループ,Prime
4413,ボードルア,Prime
4432,ウイングアーク１ｓｔ,Prime
4433,ヒトコムＨＤ,Prime
4443,Ｓａｎｓａｎ,Prime
4446,Ｌｉｎｋ－Ｕグループ,Prime
4449,ギフティ,Prime
4452,花王,Prime
4461,第一工業製薬,Prime
4462,石原ケミカル,Prime
4471,三洋化成工業,Prime
4480,メドレー,Prime
4481,ベース,Prime
4483,ＪＭＤＣ,Prime
4502,武田薬品工業,Prime
4503,アステラス製薬,Prime
4506,住友ファーマ,Prime
4507,塩野義製薬,Prime
4516,日本新薬,Prime
4519,中外製薬,Prime
4521,科研製薬,Prime
4523,エーザイ,Prime
4526,理研ビタミン,Prime
4527,ロート製薬,Prime
4528,小野薬品工業,Prime
4530,久光製薬,Prime
4534,持田製薬,Prime
4536,参天製薬,Prime
4538,扶桑薬品工業,Prime
4540,ツムラ,Prime
4543,テルモ,Prime
4544,ＨＵグループ,Prime
4547,キッセイ薬品工業,Prime
4548,生化学工業,Prime
4549,栄研化学,Prime
4552,ＪＣＲファーマ,Prime
4553,東和薬品,Prime
4554,富士製薬工業,Prime
4559,ゼリア新薬工業,Prime
4565,ネクセラファーマ,Prime
4568,第一三共,Prime
4569,杏林製薬,Prime
4574,大幸薬品,Prime
4577,ダイト,Prime
4578,大塚ホールディングス,Prime
4587,ペプチドリーム,Prime
4611,大日本塗料,Prime
4612,日本ペＨＤ,Prime
4613,関西ペイント,Prime
4617,中国塗料,Prime
4626,太陽ホールディングス,Prime
4631,ＤＩＣ,Prime
4633,サカタインクス,Prime
4634,ａｒｔｉｅｎｃｅ,Prime
4641,アルプス技研,Prime
4658,日本空調サービス,Prime
4661,オリエンタルランド,Prime
4662,フォーカスシステムズ,Prime
4665,ダスキン,Prime
4666,パーク２４,Prime
4668,明光ネット,Prime
4674,クレスコ,Prime
4676,フジＨＤ,Prime
4680,ラウンドワン,Prime
4681,リゾートトラスト,Prime
4684,オービック,Prime
4686,ジャストシステム,Prime
4687,ＴＤＣソフト,Prime
4689,ＬＩＮＥヤフー,Prime
4694,ビー・エム・エル,Prime
4704,トレンドマイクロ,Prime
4709,ＩＤホールディングス,Prime
4714,リソー教育グループ,Prime
4718,早稲田アカデミー,Prime
4719,アルファシステムズ,Prime
4722,フューチャー,Prime
4725,ＣＡＣ,Prime
4732,ユー・エス・エス,Prime
4733,ＯＢＣ,Prime
4743,アイティフォー,Prime
4751,サイバーエージェント,Prime
4755,楽天グループ,Prime
4763,Ｃ＆Ｒ,Prime
4765,ＳＢＩＧＡＭ,Prime
4768,大塚商会,Prime
4776,サイボウズ,Prime
4784,ＧＭＯインターネット,Prime
4792,山田コンサル,Prime
4801,セントラルスポーツ,Prime
4809,パラカ,Prime
4812,電通総研,Prime
4813,ＡＣＣＥＳＳ,Prime
4819,デジタルガレージ,Prime
4820,イーエムシステムズ,Prime
4825,ウェザーニューズ,Prime
4826,ＣＩＪ,Prime
4828,ビーエンジ,Prime
4839,ＷＯＷＯＷ,Prime
4847,インテリＷ,Prime
4848,フルキャスト,Prime
4849,エン,Prime
4886,あすか薬ＨＤ,Prime
4887,サワイＧＨＤ,Prime
4901,富士フイルム,Prime
4902,コニカミノルタ,Prime
4911,資生堂,Prime
4912,ライオン,Prime
4914,高砂香料工業,Prime
4917,マンダム,Prime
4919,ミルボン,Prime
4922,コーセーＨＤ,Prime
4923,コタ,Prime
4927,ポーラＨＤ,Prime
4928,ノエビアＨＤ,Prime
4931,新日本製薬,Prime
4933,Ｉ－ｎｅ,Prime
4951,エステー,Prime
4956,コニシ,Prime
4958,長谷川香料,Prime
4967,小林製薬,Prime
4968,荒川化学工業,Prime
4971,メック,Prime
4973,日本高純度化学,Prime
4974,タカラバイオ,Prime
4975,ＪＣＵ,Prime
4980,デクセリアルズ,Prime
4985,アース製薬,Prime
4996,クミアイ化学工業,Prime
4997,日本農薬,Prime
5011,ニチレキグループ,Prime
5016,ＪＸ金属,Prime
5019,出光興産,Prime
5020,ＥＮＥＯＳ,Prime
5021,コスモＨＤ,Prime
5032,ＡＮＹＣＯＬＯＲ,Prime
5036,日本ビジネスシステムズ,Prime
5074,テスホールディングス,Prime
5076,インフロニア,Prime
5101,横浜ゴム,Prime
5105,ＴＯＹＯ　ＴＩＲＥ,Prime
5108,ブリヂストン,Prime
5110,住友ゴム工業,Prime
5121,藤倉コンポジット,Prime
5122,オカモト,Prime
5142,アキレス,Prime
5185,フコク,Prime
5186,ニッタ,Prime
5192,三ツ星ベルト,Prime
5195,バンドー化学,Prime
5201,ＡＧＣ,Prime
5202,日本板硝子,Prime
5208,有沢製作所,Prime
5214,日本電気硝子,Prime
5232,住友大阪セメント,Prime
5233,太平洋セメント,Prime
5261,リソルホールディングス,Prime
5262,日本ヒューム,Prime
5269,日本コンクリート工業,Prime
5288,アジアパイル,Prime
5301,東海カーボン,Prime
5302,日本カーボン,Prime
5310,東洋炭素,Prime
5331,ノリタケ,Prime
5332,ＴＯＴＯ,Prime
5333,ＮＧＫ,Prime
5334,日本特殊陶業,Prime
5344,ＭＡＲＵＷＡ,Prime
5351,品川リフラ,Prime
5357,ヨータイ,Prime
5384,フジミインコ,Prime
5393,ニチアス,Prime
5401,日本製鉄,Prime
5406,神戸製鋼所,Prime
5408,中山製鋼所,Prime
5410,合同製鐵,Prime
5411,ＪＦＥホールディングス,Prime
5423,東京製鐵,Prime
5440,共英製鋼,Prime
5444,大和工業,Prime
5445,東京鐵鋼,Prime
5451,ヨドコウ,Prime
5461,中部鋼鈑,Prime
5463,丸一鋼管,Prime
5471,大同特殊鋼,Prime
5480,日本冶金工業,Prime
5482,愛知製鋼,Prime
5535,ミガロホールディングス,Prime
5541,大平洋金属,Prime
5563,新日本電工,Prime
5602,栗本鐵工所,Prime
5631,日本製鋼所,Prime
5632,三菱製鋼,Prime
5659,日本精線,Prime
5702,大紀アルミニウム工業所,Prime
5703,日軽金ＨＤ,Prime
5706,三井金属,Prime
5707,東邦亜鉛,Prime
5711,三菱マテリアル,Prime
5713,住友金属鉱山,Prime
5714,ＤＯＷＡ,Prime
5715,古河機械金属,Prime
5726,大阪チタ,Prime
5727,東邦チタニウム,Prime
5741,ＵＡＣＪ,Prime
5757,ＣＫサンエツ,Prime
5801,古河電気工業,Prime
5802,住友電気工業,Prime
5803,フジクラ,Prime
5805,ＳＷＣＣ,Prime
5821,平河ヒューテック,Prime
5830,いよぎんＨＤ,Prime
5831,しずおかＦＧ,Prime
5832,ちゅうぎんＦ,Prime
5838,楽天銀行,Prime
5844,京都ＦＧ,Prime
5851,リョービ,Prime
5852,アーレスティ,Prime
5857,ＡＲＥホールディングス,Prime
5889,ＪＥＨ,Prime
5901,洋缶ＨＤ,Prime
5902,ホッカンＨＤ,Prime
5911,横河ブＨＤ,Prime
5929,三和ホールディングス,Prime
5930,文化シヤッター,Prime
5932,三協立山,Prime
5933,アルインコ,Prime
5938,ＬＩＸＩＬ,Prime
5943,ノーリツ,Prime
5946,長府製作所,Prime
5947,リンナイ,Prime
5949,ユニプレス,Prime
5957,日東精工,Prime
5959,岡部,Prime
5970,ジーテクト,Prime
5975,東プレ,Prime
5976,高周波熱錬,Prime
5981,東京製綱,Prime
5988,パイオラックス,Prime
5989,エイチワン,Prime
5991,ニッパツ,Prime
6005,三浦工業,Prime
6013,タクマ,Prime
6027,弁護士ドットコム,Prime
6036,ＫｅｅＰｅｒ技研,Prime
6047,Ｇｕｎｏｓｙ,Prime
6050,イー・ガーディアン,Prime
6055,ジャパンマテリアル,Prime
6058,ベクトル,Prime
6062,チャームケア,Prime
6070,キャリアリンク,Prime
6071,ＩＢＪ,Prime
6073,アサンテ,Prime
6078,バリューＨＲ,Prime
6080,Ｍ＆Ａキャピ,Prime
6088,シグマクシス,Prime
6089,ウィルグループ,Prime
6098,リクルート,Prime
6099,エラン,Prime
6101,ツガミ,Prime
6103,オークマ,Prime
6104,芝浦機械,Prime
6113,アマダ,Prime
6118,アイダエンジニアリング,Prime
6134,ＦＵＪＩ,Prime
6135,牧野フライス製作所,Prime
6136,ＯＳＧ,Prime
6140,旭ダイヤモンド工業,Prime
6141,ＤＭＧ森精機,Prime
6143,ソディック,Prime
6146,ディスコ,Prime
6151,日東工器,Prime
6167,冨士ダイス,Prime
6178,日本郵政,Prime
6183,ベル２４ＨＤ,Prime
6184,鎌倉新書,Prime
6191,エアトリ,Prime
6194,アトラエ,Prime
6196,ストライクグループ,Prime
6197,ソラスト,Prime
6200,インソース,Prime
6201,豊田自動織機,Prime
6209,リケンＮＰＲ,Prime
6222,島精機製作所,Prime
6235,オプトラン,Prime
6237,イワキ,Prime
6238,フリュー,Prime
6240,ヤマシンフィルタ,Prime
6247,日阪製作所,Prime
6250,やまびこ,Prime
6254,野村マイクロ,Prime
6258,平田機工,Prime
6264,マルマエ,Prime
6266,タツモ,Prime
6268,ナブテスコ,Prime
6269,三井海洋開発,Prime
6272,レオン自動機,Prime
6273,ＳＭＣ,Prime
6277,ホソカワミクロン,Prime
6278,ユニオンツール,Prime
6279,瑞光,Prime
6282,オイレス工業,Prime
6284,ＡＳＢ機械,Prime
6287,サトー,Prime
6289,技研製作所,Prime
6294,オカダアイヨン,Prime
6298,ワイエイシイ,Prime
6301,コマツ,Prime
6302,住友重機械工業,Prime
6305,日立建機,Prime
6306,日工,Prime
6309,巴工業,Prime
6310,井関農機,Prime
6315,ＴＯＷＡ,Prime
6323,ローツェ,Prime
6324,ハーモニック,Prime
6326,クボタ,Prime
6328,荏原実業,Prime
6330,東洋エンジニアリング,Prime
6331,三菱化工機,Prime
6332,月島ホールディングス,Prime
6333,ＴＥＩＫＯＫＵ,Prime
6339,新東工業,Prime
6340,澁谷工業,Prime
6345,アイチコーポレーション,Prime
6349,小森コーポレーション,Prime
6351,鶴見製作所,Prime
6358,酒井重工業,Prime
6361,荏原製作所,Prime
6363,酉島製作所,Prime
6364,ＡＩＲＭＡＮ,Prime
6367,ダイキン工業,Prime
6368,オルガノ,Prime
6369,トーヨーカネツ,Prime
6370,栗田工業,Prime
6371,椿本チエイン,Prime
6376,日機装,Prime
6379,レイズネクスト,Prime
6381,アネスト岩田,Prime
6383,ダイフク,Prime
6387,サムコ,Prime
6390,加藤製作所,Prime
6395,タダノ,Prime
6407,ＣＫＤ,Prime
6412,平和,Prime
6413,理想科学工業,Prime
6417,ＳＡＮＫＹＯ,Prime
6418,日本金銭機械,Prime
6419,マースＧＨＤ,Prime
6420,ガリレイ,Prime
6430,ダイコク電機,Prime
6432,竹内製作所,Prime
6436,アマノ,Prime
6440,ＪＵＫＩ,Prime
6445,ジャノメ,Prime
6448,ブラザー工業,Prime
6454,マックス,Prime
6455,モリタホールディングス,Prime
6457,グローリー,Prime
6458,新晃工業,Prime
6459,大和冷機工業,Prime
6460,セガサミー,Prime
6463,ＴＰＲ,Prime
6464,ツバキ・ナカシマ,Prime
6465,ホシザキ,Prime
6471,日本精工,Prime
6472,ＮＴＮ,Prime
6473,ジェイテクト,Prime
6474,不二越,Prime
6479,ミネベアミツミ,Prime
6480,日本トムソン,Prime
6481,ＴＨＫ,Prime
6486,イーグル工業,Prime
6490,ＰＩＬＬＡＲ,Prime
6498,キッツ,Prime
6501,日立製作所,Prime
6503,三菱電機,Prime
6504,富士電機,Prime
6506,安川電機,Prime
6507,シンフォニア,Prime
6508,明電舎,Prime
6516,山洋電気,Prime
6517,デンヨー,Prime
6523,ＰＨＣホールディングス,Prime
6525,コクサイエレ,Prime
6526,ソシオネクスト,Prime
6532,ベイカレント,Prime
6533,オーケストラ,Prime
6535,アイモバイル,Prime
6539,ＭＳ－Ｊａｐａｎ,Prime
6544,Ｊエレベータ,Prime
6560,エル・ティー・エス,Prime
6564,ミダックＨＤ,Prime
6571,ＱＢＮＨＤ,Prime
6572,オープングループ,Prime
6584,三櫻工業,Prime
6586,マキタ,Prime
6588,東芝テック,Prime
6590,芝浦メカトロニクス,Prime
6592,マブチモーター,Prime
6594,ニデック,Prime
6615,ＵＭＣエレ,Prime
6616,ＴＯＲＥＸ,Prime
6617,東光高岳,Prime
6619,ダブル・スコープ,Prime
6620,宮越ホールディングス,Prime
6622,ダイヘン,Prime
6630,ヤーマン,Prime
6632,ＪＶＣケンウッド,Prime
6638,ミマキエンジニアリング,Prime
6644,大崎電気工業,Prime
6645,オムロン,Prime
6651,日東工業,Prime
6652,ＩＤＥＣ,Prime
6653,正興電機製作所,Prime
6674,ＧＳユアサ,Prime
6701,ＮＥＣ,Prime
6702,富士通,Prime
6703,沖電気工業,Prime
6706,電気興業,Prime
6707,サンケン電気,Prime
6718,アイホン,Prime
6723,ルネサス,Prime
6724,セイコーエプソン,Prime
6727,ワコム,Prime
6728,アルバック,Prime
6737,ＥＩＺＯ,Prime
6740,ジャパンディスプレイ,Prime
6741,日本信号,Prime
6742,京三製作所,Prime
6744,能美防災,Prime
6745,ホーチキ,Prime
6750,エレコム,Prime
6752,パナＨＤ,Prime
6753,シャープ,Prime
6754,アンリツ,Prime
6758,ソニーグループ,Prime
6762,ＴＤＫ,Prime
6763,帝国通信工業,Prime
6768,タムラ製作所,Prime
6770,アルプスアルパイン,Prime
6779,日本電波工業,Prime
6785,鈴木,Prime
6787,メイコー,Prime
6788,日本トリム,Prime
6794,フォスター電機,Prime
6798,ＳＭＫ,Prime
6800,ヨコオ,Prime
6804,ホシデン,Prime
6806,ヒロセ電機,Prime
6807,日本航空電子工業,Prime
6809,ＴＯＡ,Prime
6810,マクセル,Prime
6814,古野電気,Prime
6817,スミダコーポレーション,Prime
6820,アイコム,Prime
6823,リオン,Prime
6841,横河電機,Prime
6844,新電元工業,Prime
6845,アズビル,Prime
6849,日本光電工業,Prime
6850,チノー,Prime
6856,堀場製作所,Prime
6857,アドバンテスト,Prime
6859,エスペック,Prime
6861,キーエンス,Prime
6866,ＨＩＯＫＩ,Prime
6869,シスメックス,Prime
6871,日本マイクロニクス,Prime
6875,メガチップス,Prime
6902,デンソー,Prime
6905,コーセル,Prime
6908,イリソ電子工業,Prime
6914,オプテックスグループ,Prime
6920,レーザーテック,Prime
6923,スタンレー電気,Prime
6925,ウシオ電機,Prime
6929,日本セラミック,Prime
6941,山一電機,Prime
6947,図研,Prime
6951,日本電子,Prime
6952,カシオ計算機,Prime
6954,ファナック,Prime
6958,日本ＣＭＫ,Prime
6961,エンプラス,Prime
6962,大真空,Prime
6963,ローム,Prime
6965,浜松ホトニクス,Prime
6966,三井ハイテック,Prime
6971,京セラ,Prime
6976,太陽誘電,Prime
6981,村田製作所,Prime
6986,双葉電子工業,Prime
6988,日東電工,Prime
6995,東海理化電機製作所,Prime
6996,ニチコン,Prime
6997,日本ケミコン,Prime
6999,ＫＯＡ,Prime
7003,三井Ｅ＆Ｓ,Prime
7004,カナデビア,Prime
7011,三菱重工業,Prime
7012,川崎重工業,Prime
7013,ＩＨＩ,Prime
7033,ＭＳＯＬ,Prime
7034,プロレド・パートナーズ,Prime
7038,フロンティＭ,Prime
7059,コプロＨＤ,Prime
7071,アンビスＨＤ,Prime
7085,カーブスＨＤ,Prime
7088,フォーラムＥ,Prime
7095,マクビープラ,Prime
7102,日本車輌製造,Prime
7128,ユニソルＨＤ,Prime
7130,ヤマエＧＨＤ,Prime
7148,ＦＰＧ,Prime
7157,ライフネット生命保険,Prime
7164,全国保証,Prime
7167,めぶきＦＧ,Prime
7172,ＪＩＡ,Prime
7173,東京きらぼし,Prime
7180,九州ＦＧ,Prime
7181,かんぽ生命保険,Prime
7182,ゆうちょ銀行,Prime
7184,富山第一銀行,Prime
7186,横浜ＦＧ,Prime
7187,ジェイリース,Prime
7189,西日本ＦＨ,Prime
7198,ＳＢＩアルヒ,Prime
7199,プレミアグループ,Prime
7201,日産自動車,Prime
7202,いすゞ自動車,Prime
7203,トヨタ自動車,Prime
7211,三菱自動車工業,Prime
7220,武蔵精密工業,Prime
7224,新明和工業,Prime
7226,極東開発工業,Prime
7231,トピー工業,Prime
7236,ティラド,Prime
7238,曙ブレーキ工業,Prime
7239,タチエス,Prime
7240,ＮＯＫ,Prime
7241,フタバ産業,Prime
7242,カヤバ,Prime
7244,市光工業,Prime
7245,大同メタル工業,Prime
7246,プレス工業,Prime
7259,アイシン,Prime
7261,マツダ,Prime
7267,ホンダ,Prime
7269,スズキ,Prime
7270,ＳＵＢＡＲＵ,Prime
7272,ヤマハ発動機,Prime
7276,小糸製作所,Prime
7278,エクセディ,Prime
7280,ミツバ,Prime
7282,豊田合成,Prime
7283,愛三工業,Prime
7294,ヨロズ,Prime
7296,エフ・シー・シー,Prime
7309,シマノ,Prime
7313,テイ・エス　テック,Prime
7322,三十三ＦＧ,Prime
7327,第四北越ＦＧ,Prime
7337,ひろぎんＨＤ,Prime
7347,マーキュリア,Prime
7350,おきなわＦＧ,Prime
7366,ＬＩＴＡＬＩＣＯ,Prime
7380,十六ＦＧ,Prime
7381,ＣＣＩグループ,Prime
7383,ネットプロ,Prime
7384,プロクレＨＤ,Prime
7388,ＦＰパートナー,Prime
7389,あいちＦＧ,Prime
7414,小野建,Prime
7419,ノジマ,Prime
7421,カッパ・クリエイト,Prime
7433,伯東,Prime
7438,コンドーテック,Prime
7447,ナガイレーベン,Prime
7453,良品計画,Prime
7456,松田産業,Prime
7458,第一興商,Prime
7459,メディパル,Prime
7466,ＳＰＫ,Prime
7475,アルビス,Prime
7476,アズワン,Prime
7482,シモジマ,Prime
7483,ドウシシャ,Prime
7504,高速,Prime
7508,Ｇ－７ホールディングス,Prime
7510,たけびし,Prime
7513,コジマ,Prime
7516,コーナン商事,Prime
7520,エコス,Prime
7522,ワタミ,Prime
7525,リックス,Prime
7532,パンパシＨＤ,Prime
7537,丸文,Prime
7545,西松屋チェーン,Prime
7550,ゼンショＨＤ,Prime
7552,ハピネット,Prime
7554,幸楽苑,Prime
7575,日本ライフライン,Prime
7581,サイゼリヤ,Prime
7593,ＶＴホールディングス,Prime
7595,アルゴグラフィックス,Prime
7596,魚力,Prime
7599,ＩＤＯＭ,Prime
7600,日本エム・ディ・エム,Prime
7606,ユナイテッドアローズ,Prime
7607,進和,Prime
7609,ダイトロン,Prime
7611,ハイデイ日高,Prime
7613,シークス,Prime
7616,コロワイド,Prime
7628,オーハシテクニカ,Prime
7630,壱番屋,Prime
7637,白銅,Prime
7649,スギホールディングス,Prime
7679,薬王堂ホールディングス,Prime
7683,ダブルエー,Prime
7701,島津製作所,Prime
7715,長野計器,Prime
7717,ブイ・テクノロジー,Prime
7721,東京計器,Prime
7723,愛知時計電機,Prime
7725,インターアクション,Prime
7729,東京精密,Prime
7730,マニー,Prime
7731,ニコン,Prime
7733,オリンパス,Prime
7734,理研計器,Prime
7735,スクリン,Prime
7740,タムロン,Prime
7741,ＨＯＹＡ,Prime
7744,ノーリツ鋼機,Prime
7745,Ａ＆Ｄホロン,Prime
7747,朝日インテック,Prime
7751,キヤノン,Prime
7752,リコー,Prime
7762,シチズン時計,Prime
7769,リズム,Prime
7780,メニコン,Prime
7818,トランザクション,Prime
7820,ニホンフラッシュ,Prime
7821,前田工繊,Prime
7826,フルヤ金属,Prime
7832,バンナムＨＤ,Prime
7839,ＳＨＯＥＩ,Prime
7840,フラベッドＨ,Prime
7844,マーベラス,Prime
7846,パイロット,Prime
7856,萩原工業,Prime
7860,エイベックス,Prime
7864,フジシール,Prime
7867,タカラトミー,Prime
7868,広済堂ホールディングス,Prime
7874,レック,Prime
7888,三光合成,Prime
7893,プロネクサス,Prime
7911,ＴＯＰＰＡＮ,Prime
7912,大日本印刷,Prime
7914,共同印刷,Prime
7915,ＮＩＳＳＨＡ,Prime
7917,ＺＡＣＲＯＳ,Prime
7921,宝＆ＣＯ,Prime
7925,前澤化成工業,Prime
7931,未来工業,Prime
7936,アシックス,Prime
7942,ＪＳＰ,Prime
7943,ニチハ,Prime
7944,ローランド,Prime
7947,エフピコ,Prime
7949,小松ウオール工業,Prime
7951,ヤマハ,Prime
7952,河合楽器製作所,Prime
7955,クリナップ,Prime
7956,ピジョン,Prime
7962,キングジム,Prime
7965,象印マホービン,Prime
7966,リンテック,Prime
7970,信越ポリマー,Prime
7972,イトーキ,Prime
7974,任天堂,Prime
7976,三菱鉛筆,Prime
7979,松風,Prime
7981,タカラスタンダード,Prime
7984,コクヨ,Prime
7988,ニフコ,Prime
7989,立川ブラインド工業,Prime
7990,グローブライド,Prime
7994,オカムラ,Prime
7995,バルカー,Prime
8001,伊藤忠商事,Prime
8002,丸紅,Prime
8005,スクロール,Prime
8007,高島,Prime
8008,４℃ホールデ,Prime
8011,三陽商会,Prime
8012,長瀬産業,Prime
8014,蝶理,Prime
8015,豊田通商,Prime
8016,オンワード,Prime
8020,兼松,Prime
8022,ミズノ,Prime
8031,三井物産,Prime
8032,日本紙パルプ商事,Prime
8035,東京エレクトロン,Prime
8037,カメイ,Prime
8043,スターゼン,Prime
8050,セイコーグループ,Prime
8051,山善,Prime
8052,椿本興業,Prime
8053,住友商事,Prime
8056,ＢＩＰＲＯＧＹ,Prime
8057,内田洋行,Prime
8058,三菱商事,Prime
8059,第一実業,Prime
8060,キヤノンＭＪ,Prime
8061,西華産業,Prime
8065,佐藤商事,Prime
8070,東京産業,Prime
8074,ＹＵＡＳＡ,Prime
8075,神鋼商事,Prime
8078,阪和興業,Prime
8079,正栄食品工業,Prime
8081,カナデン,Prime
8084,ＲＹＯＤＥＮ,Prime
8086,ニプロ,Prime
8088,岩谷産業,Prime
8091,ニチモウ,Prime
8093,極東貿易,Prime
8095,アステナＨＤ,Prime
8097,三愛オブリ,Prime
8098,稲畑産業,Prime
8101,ＧＳＩクレオス,Prime
8103,明和産業,Prime
8111,ゴールドウイン,Prime
8113,ユニ・チャーム,Prime
8125,ワキタ,Prime
8129,東邦ホールディングス,Prime
8130,サンゲツ,Prime
8132,シナネンＨＤ,Prime
8133,伊藤忠エネクス,Prime
8136,サンリオ,Prime
8137,サンワテクノス,Prime
8141,新光商事,Prime
8142,トーホー,Prime
8150,三信電気,Prime
8151,東陽テクニカ,Prime
8153,モスフードサービス,Prime
8154,加賀電子,Prime
8157,都築電気,Prime
8158,ソーダニッカ,Prime
8159,立花エレテック,Prime
8160,木曽路,Prime
8163,ＳＲＳホールディングス,Prime
8167,リテールパートナーズ,Prime
8173,Ｊｏｓｈｉｎ,Prime
8174,日本瓦斯,Prime
8179,ロイヤルＨＤ,Prime
8185,チヨダ,Prime
8194,ライフコーポレーション,Prime
8200,リンガーハット,Prime
8203,ＭｒＭａｘ,Prime
8214,ＡＯＫＩＨＤ,Prime
8217,オークワ,Prime
8218,コメリ,Prime
8219,青山商事,Prime
8227,しまむら,Prime
8233,高島屋,Prime
8237,松屋,Prime
8242,Ｈ２Ｏリテイ,Prime
8252,丸井グループ,Prime
8253,クレディセゾン,Prime
8255,アクシアル,Prime
8267,イオン,Prime
8273,イズミ,Prime
8276,平和堂,Prime
8278,フジ,Prime
8281,ゼビオホールディングス,Prime
8282,ケーズホールディングス,Prime
8283,ＰＡＬＴＡＣ,Prime
8303,ＳＢＩ新生銀行,Prime
8304,あおぞら銀行,Prime
8306,三菱ＵＦＪ,Prime
8308,りそなホールディングス,Prime
8309,三井住友トラ,Prime
8316,三井住友ＦＧ,Prime
8331,千葉銀行,Prime
8334,群馬銀行,Prime
8336,武蔵野銀行,Prime
8337,千葉興業銀行,Prime
8338,筑波銀行,Prime
8341,七十七銀行,Prime
8343,秋田銀行,Prime
8344,山形銀行,Prime
8345,岩手銀行,Prime
8346,東邦銀行,Prime
8354,ふくおかＦＧ,Prime
8358,スルガ銀行,Prime
8359,八十二長野銀行,Prime
8360,山梨中央銀行,Prime
8361,大垣共立銀行,Prime
8362,福井銀行,Prime
8364,清水銀行,Prime
8366,滋賀銀行,Prime
8367,南都銀行,Prime
8368,百五銀行,Prime
8370,紀陽銀行,Prime
8377,ほくほくＦＧ,Prime
8381,山陰合同銀行,Prime
8386,百十四銀行,Prime
8387,四国銀行,Prime
8388,阿波銀行,Prime
8392,大分銀行,Prime
8393,宮崎銀行,Prime
8395,佐賀銀行,Prime
8399,琉球銀行,Prime
8410,セブン銀行,Prime
8411,みずほＦＧ,Prime
8418,山口ＦＧ,Prime
8424,芙蓉総合リース,Prime
8425,みずほリース,Prime
8439,東京センチュリー,Prime
8473,ＳＢＩホールディングス,Prime
8511,日本証券金融,Prime
8522,名古屋銀行,Prime
8524,北洋銀行,Prime
8541,愛媛銀行,Prime
8544,京葉銀行,Prime
8550,栃木銀行,Prime
8551,北日本銀行,Prime
8558,東和銀行,Prime
8566,リコーリース,Prime
8570,イオンＦＳ,Prime
8584,ジャックス,Prime
8585,オリコ,Prime
8591,オリックス,Prime
8593,三菱ＨＣキャピタル,Prime
8595,ジャフコ　グループ,Prime
8600,トモニホールディングス,Prime
8601,大和証券グループ本社,Prime
8604,野村ホールディングス,Prime
8609,岡三証券グループ,Prime
8613,丸三証券,Prime
8614,東洋証券,Prime
8616,東海東京,Prime
8622,水戸証券,Prime
8624,いちよし証券,Prime
8628,松井証券,Prime
8630,ＳＯＭＰＯ,Prime
8697,日本取引所グループ,Prime
8698,マネックスグループ,Prime
8706,極東証券,Prime
8707,岩井コスモ,Prime
8708,アイザワ証券グループ,Prime
8713,フィデアＨＤ,Prime
8714,池田泉州ＨＤ,Prime
8715,アニコムＨＤ,Prime
8725,ＭＳ＆ＡＤ,Prime
8729,ソニーＦＧ,Prime
8739,スパークス・グループ,Prime
8750,第一ライフグループ,Prime
8766,東京海上,Prime
8771,イー・ギャランティ,Prime
8793,ＮＥＣキャピ,Prime
8795,Ｔ＆Ｄホールディングス,Prime
8798,アドバンスクリエイト,Prime
8801,三井不動産,Prime
8802,三菱地所,Prime
8803,平和不動産,Prime
8804,東京建物,Prime
8818,京阪神ビルディング,Prime
8830,住友不動産,Prime
8848,レオパレス２１,Prime
8850,スターツ,Prime
8860,フジ住宅,Prime
8876,リログループ,Prime
8877,エスリード,Prime
8881,日神ＧＨＤ,Prime
8892,エスコン,Prime
8897,ミラースＨＤ,Prime
8919,カチタス,Prime
8923,トーセイ,Prime
8934,サンフロンティア不動産,Prime
8935,ＦＪネクＨＤ,Prime
8999,グランディハウス,Prime
9001,東武鉄道,Prime
9003,相鉄ホールディングス,Prime
9005,東急,Prime
9006,京浜急行電鉄,Prime
9007,小田急電鉄,Prime
9008,京王電鉄,Prime
9009,京成電鉄,Prime
9010,富士急行,Prime
9020,ＪＲ東日本,Prime
9021,ＪＲ西日本,Prime
9022,ＪＲ東海,Prime
9023,東京地下鉄,Prime
9024,西武ホールディングス,Prime
9025,鴻池運輸,Prime
9031,西日本鉄道,Prime
9037,ハマキョウレックス,Prime
9039,サカイ引越センター,Prime
9041,近鉄ＧＨＤ,Prime
9042,阪急阪神,Prime
9044,ＮＡＮＫＡＩ,Prime
9045,京阪ホールディングス,Prime
9046,神戸電鉄,Prime
9048,名古屋鉄道,Prime
9052,山陽電気鉄道,Prime
9064,ヤマトホールディングス,Prime
9065,山九,Prime
9068,丸全昭和運輸,Prime
9069,センコーＨＤ,Prime
9072,ニッコンＨＤ,Prime
9075,福山通運,Prime
9076,セイノーＨＤ,Prime
9081,神奈川中央交通,Prime
9090,ＡＺ丸和ＨＤ,Prime
9101,日本郵船,Prime
9104,商船三井,Prime
9107,川崎汽船,Prime
9110,ＮＳユナイテッド海運,Prime
9119,飯野海運,Prime
9142,ＪＲ九州,Prime
9143,ＳＧホールディングス,Prime
9147,ＮＸＨＤ,Prime
9201,日本航空,Prime
9202,ＡＮＡホールディングス,Prime
9216,ビーウィズ,Prime
9229,サンウェルズ,Prime
9247,ＴＲＥホールディングス,Prime
9267,Ｇｅｎｋｙ,Prime
9273,コーア商ＨＤ,Prime
9274,ＫＰＰＧＨＤ,Prime
9278,ブックオフＧ,Prime
9279,ギフトホールディングス,Prime
9301,三菱倉庫,Prime
9302,三井倉ＨＤ,Prime
9303,住友倉庫,Prime
9304,澁澤倉庫,Prime
9305,ヤマタネ,Prime
9310,日本トランスシティ,Prime
9319,中央倉庫,Prime
9324,安田倉庫,Prime
9332,ＮＩＳＳＯ,Prime
9336,大栄環境,Prime
9341,ＧＥＮＯＶＡ,Prime
9347,日本管財ＨＤ,Prime
9364,上組,Prime
9381,エーアイテイー,Prime
9401,ＴＢＳホールディングス,Prime
9404,日テレＨＤ,Prime
9405,朝日放送ＨＤ,Prime
9409,テレ朝ＨＤ,Prime
9412,スカパーＪＳＡＴ,Prime
9413,テレ東ＨＤ,Prime
9416,ビジョン,Prime
9418,ＵＮＥＸＴ,Prime
9424,日本通信,Prime
9432,ＮＴＴ,Prime
9433,ＫＤＤＩ,Prime
9434,ソフトバンク,Prime
9435,光通信,Prime
9438,エムティーアイ,Prime
9449,ＧＭＯ,Prime
9468,ＫＡＤＯＫＡＷＡ,Prime
9470,学研ホールディングス,Prime
9474,ゼンリン,Prime
9501,東電ＨＤ,Prime
9502,中部電力,Prime
9503,関西電力,Prime
9504,中国電力,Prime
9505,北陸電力,Prime
9506,東北電力,Prime
9507,四国電力,Prime
9508,九州電力,Prime
9509,北海道電力,Prime
9511,沖縄電力,Prime
9513,Ｊパワー,Prime
9517,イーレックス,Prime
9519,レノバ,Prime
9531,東京ガス,Prime
9532,大阪ガス,Prime
9533,東邦ガス,Prime
9534,北海道ガス,Prime
9535,広島ガス,Prime
9536,西部ガスＨＤ,Prime
9543,静岡ガス,Prime
9551,メタウォーター,Prime
9552,クオンツ総研,Prime
9601,松竹,Prime
9602,東宝,Prime
9603,エイチ・アイ・エス,Prime
9605,東映,Prime
9612,ラックランド,Prime
9616,共立メンテナンス,Prime
9619,イチネンＨＤ,Prime
9621,建設技術研究所,Prime
9622,スペース,Prime
9627,アインホールディングス,Prime
9628,燦ホールディングス,Prime
9629,ピー・シー・エー,Prime
9644,タナベＣＧ,Prime
9658,ビジ太田昭,Prime
9663,ナガワ,Prime
9672,東京都競馬,Prime
9678,カナモト,Prime
9682,ＤＴＳ,Prime
9684,スクエニＨＤ,Prime
9692,シーイーシー,Prime
9697,カプコン,Prime
9699,ニシオホールディングス,Prime
9702,アイ・エス・ビー,Prime
9706,日本空港ビルデング,Prime
9715,トランス・コスモス,Prime
9716,乃村工藝社,Prime
9722,藤田観光,Prime
9729,トーカイ,Prime
9735,セコム,Prime
9739,ＮＳＷ,Prime
9740,セントラル警備保障,Prime
9742,アイネス,Prime
9743,丹青社,Prime
9744,メイテックＧ,Prime
9746,ＴＫＣ,Prime
9755,応用地質,Prime
9757,船井総研ＨＤ,Prime
9759,ＮＳＤ,Prime
9765,オオバ,Prime
9766,コナミグループ,Prime
9769,学究社,Prime
9788,ナック,Prime
9790,福井コン,Prime
9793,ダイセキ,Prime
9795,ステップ,Prime
9824,泉州電業,Prime
9830,トラスコ中山,Prime
9831,ヤマダホールディングス,Prime
9832,オートバックスセブン,Prime
9837,モリト,Prime
9842,アークランズ,Prime
9843,ニトリホールディングス,Prime
9850,グルメ杵屋,Prime
9861,吉野家ホールディングス,Prime
9869,加藤産業,Prime
9880,イノテック,Prime
9882,イエローハット,Prime
9887,松屋フーズ,Prime
9889,ＪＢＣＣＨＤ,Prime
9900,サガミホールディングス,Prime
9902,日伝,Prime
9928,ミロク情報サービス,Prime
9932,杉本商事,Prime
9934,因幡電機産業,Prime
9936,王将フードサービス,Prime
9946,ミニストップ,Prime
9948,アークス,Prime
9956,バローホールディングス,Prime
9960,東テク,Prime
9962,ミスミグループ本社,Prime
9974,ベルク,Prime
9983,ファーストリテイリング,Prime
9984,ソフトバンクグループ,Prime
9987,スズケン,Prime
9989,サンドラッグ,Prime
9990,サックスバー,Prime
9991,ジェコス,Prime
9997,ベルーナ,Prime
25935,"Class-A Preferred Stock of ITO EN,LTD.",Prime
50765,Series 1 Bond-Type Class Shares of INFRONEER Holdings Inc.,Prime
75505,"Series 1 Bond-Type Class Shares of ZENSHO HOLDINGS CO.,LTD.",Prime
92025,Series 1 Bond-Type Class Shares of ANA HOLDINGS INC.,Prime
94345,Series 1 Bond-Type Class Shares of SoftBank Corp.,Prime
94346,Series 2 Bond-Type Class Shares of SoftBank Corp,Prime
167A,リョー菱ＨＤ,Prime
212A,フィットイージー,Prime
256A,飛島ホールディングス,Prime
262A,インターメスティック,Prime
268A,リガクＨＤ,Prime
277A,グロービング,Prime
285A,キオクシア,Prime
368A,北里コーポレーション,Prime
409A,オリオンビール,Prime
417A,ブルーゾーン,Prime
429A,テクセンドフォトマスク,Prime
471A,ＮＳグループ,Prime
543A,ＡＲＣＨＩＯＮ,Prime
544A,ＧＭＳグループ,Prime
545A,トランヴィア,Prime
546A,ミライニＨＤ,Prime
547A,ムニノバＨＤ,Prime
1376,カネコ種苗,Standard
1380,秋川牧園,Standard
1381,アクシーズ,Standard
1382,ホーブ,Standard
1383,ベルグアース,Standard
1384,ホクリヨウ,Standard
1407,ウエストＨＤ,Standard
1418,インタライフ,Standard
1420,サンヨーホームズ,Standard
1430,１ｓｔコーポ,Standard
1434,ＪＥＳＣＯ,Standard
1435,ｒｏｂｏｔ　ｈｏｍｅ,Standard
1438,岐阜造園,Standard
1443,技研ホールディングス,Standard
1446,キャンディル,Standard
1450,ＴＡＮＡＫＥＮ,Standard
1491,中外鉱業,Standard
1514,住石ホールディングス,Standard
1711,ＳＤＳホールディングス,Standard
1716,第一カッター興業,Standard
1717,明豊ファシリ,Standard
1718,美樹工業,Standard
1723,日本電技,Standard
1724,シンクレイヤ,Standard
1736,オーテック,Standard
1758,太洋基礎工業,Standard
1764,工藤建設,Standard
1768,ソネック,Standard
1770,藤田エンジニアリング,Standard
1776,三井住建道路,Standard
1783,ｆａｎｔａｓｉｓｔａ,Standard
1787,ナカボーテック,Standard
1788,三東工業社,Standard
1793,大本組,Standard
1795,マサル,Standard
1798,守谷商会,Standard
1799,第一建設工業,Standard
1807,佐藤渡辺,Standard
1810,松井建設,Standard
1811,錢高組,Standard
1822,大豊建設,Standard
1826,佐田建設,Standard
1827,ナカノフドー建設,Standard
1828,田辺工業,Standard
1840,土屋ホールディングス,Standard
1844,大盛工業,Standard
1847,イチケン,Standard
1848,富士ピー・エス,Standard
1850,南海辰村建設,Standard
1853,森組,Standard
1866,北野建設,Standard
1867,植木組,Standard
1897,金下建設,Standard
1904,大成温調,Standard
1905,テノックス,Standard
1909,日本ドライケミカル,Standard
1914,日本基礎技術,Standard
1921,巴コーポレーション,Standard
1948,弘電社,Standard
1960,サンテック,Standard
1965,テクノ菱和,Standard
1966,高田工業所,Standard
1967,ヤマト,Standard
1972,三晃金属工業,Standard
1981,協和日成,Standard
1992,神田通信機,Standard
1994,高橋ウォール,Standard
1997,暁飯島工業,Standard
2003,日東富士製粉,Standard
2009,鳥越製粉,Standard
2055,日和産業,Standard
2112,塩水港精糖,Standard
2114,フジ日本,Standard
2122,インタースペース,Standard
2134,北浜ＣＰ,Standard
2136,ヒップ,Standard
2138,クルーズ,Standard
2139,中広,Standard
2152,幼児活動研究会,Standard
2156,セーラー広告,Standard
2162,ｎｍｓ,Standard
2164,地域新聞社,Standard
2169,ＣＤＳ,Standard
2179,成学社,Standard
2180,サニーサイド,Standard
2183,リニカル,Standard
2185,シイエム・シイ,Standard
2186,ソーバル,Standard
2193,クックパッド,Standard
2204,中村屋,Standard
2208,ブルボン,Standard
2215,第一屋製パン,Standard
2216,カンロ,Standard
2221,岩塚製菓,Standard
2224,コモ,Standard
2226,湖池屋,Standard
2268,サーティワン,Standard
2286,林兼産業,Standard
2291,福留ハム,Standard
2293,滝沢ハム,Standard
2300,きょくとう,Standard
2303,ドーン,Standard
2304,ＣＳＳホールディングス,Standard
2305,スタジオアリス,Standard
2311,エプコ,Standard
2315,ＣＡＩＣＡＤ,Standard
2323,ｆｏｎｆｕｎ,Standard
2329,東北新社,Standard
2330,フォーサイド,Standard
2332,クエスト,Standard
2338,クオンタムＳ,Standard
2340,極楽湯ホールディングス,Standard
2341,アルバイトタイムス,Standard
2342,トランスＧＧ,Standard
2344,平安レイサービス,Standard
2345,ＨＯＤＬ１,Standard
2349,エヌアイデイ,Standard
2351,ＡＳＪ,Standard
2354,ＹＥ　ＤＩＧＩＴＡＬ,Standard
2373,ケア２１,Standard
2375,ギグワークス,Standard
2376,サイネックス,Standard
2391,プラネット,Standard
2393,日本ケアサプライ,Standard
2404,鉄人化ホールディングス,Standard
2408,ＫＧ情報,Standard
2411,ゲンダイエージェンシー,Standard
2415,ヒューマン,Standard
2418,ツカダＧＨＤ,Standard
2424,ブラス,Standard
2425,ケアサービス,Standard
2428,ウェルネット,Standard
2435,シダー,Standard
2436,共同ピーアール,Standard
2437,シンワワイズ,Standard
2440,ぐるなび,Standard
2445,タカミヤ,Standard
2449,プラップジャパン,Standard
2454,オールアバウト,Standard
2459,アウンコンサルティング,Standard
2464,Ａｏｂａ－ＢＢＴ,Standard
2469,ヒビノ,Standard
2477,手間いらず,Standard
2479,ジェイテック,Standard
2480,システム・ロケーション,Standard
2481,タウンニュース社,Standard
2483,翻訳センター,Standard
2484,出前館,Standard
2485,ティア,Standard
2488,ＪＴＰ,Standard
2489,アドウェイズ,Standard
2493,イーサポートリンク,Standard
2498,オリコンＨＤ,Standard
2499,日本和装,Standard
2573,北海コカ,Standard
2588,プレミアムＷ,Standard
2597,ユニカフェ,Standard
2612,かどや製油,Standard
2652,まんだらけ,Standard
2653,イオン九州,Standard
2654,アスモ,Standard
2656,ベクターＨＤ,Standard
2666,オートウェーブ,Standard
2667,イメージ　ワン,Standard
2668,タビオ,Standard
2669,カネ美食品,Standard
2673,夢みつけ隊,Standard
2683,魚喜,Standard
2686,ジーフット,Standard
2687,ＣＶＳベイ,Standard
2689,オルバヘルス,Standard
2693,ＹＫＴ,Standard
2694,焼肉坂井ＨＤ,Standard
2698,キャンドゥ,Standard
2700,木徳神糧,Standard
2702,マクドナルド,Standard
2705,大戸屋ホールディングス,Standard
2708,久世,Standard
2721,ジェイホールディングス,Standard
2722,ＩＫホールディングス,Standard
2735,ワッツ,Standard
2736,フェスタリア,Standard
2747,北雄ラッキー,Standard
2750,石光商事,Standard
2751,テンポスＨＤ,Standard
2762,ＳＡＮＫＯ,Standard
2763,エフティグループ,Standard
2764,ひらまつ,Standard
2769,ヴィレッジＶ,Standard
2776,新都ホールディングス,Standard
2778,パレモ・ＨＤ,Standard
2780,コメ兵ホールディングス,Standard
2782,セリア,Standard
2788,アップル,Standard
2789,カルラ,Standard
2790,ナフコ,Standard
2795,日本プリメックス,Standard
2796,ファマライズ,Standard
2798,Ｙｓテーブル,Standard
2805,エスビー食品,Standard
2806,ユタカフーズ,Standard
2813,和弘食品,Standard
2814,佐藤食品工業,Standard
2816,ダイショー,Standard
2818,ピエトロ,Standard
2819,エバラ食品工業,Standard
2820,やまみ,Standard
2831,はごろもフーズ,Standard
2872,セイヒョー,Standard
2876,デルソーレ,Standard
2877,日東ベスト,Standard
2883,大冷,Standard
2892,日本食品化工,Standard
2894,石井食品,Standard
2901,ウェルディッシュ,Standard
2903,シノブフーズ,Standard
2904,一正蒲鉾,Standard
2907,あじかん,Standard
2911,旭松食品,Standard
2916,仙波糖化工業,Standard
2917,大森屋,Standard
2923,サトウ食品,Standard
2924,イフジ産業,Standard
2926,篠崎屋,Standard
2927,ＡＦＣ－ＨＤ,Standard
2932,ＳＴＩＦＨＤ,Standard
2938,オカムラ食品工業,Standard
2961,日本調理機,Standard
2962,テクニスコ,Standard
2970,ＧＬＣ　ＧＲＯＵＰ,Standard
2984,ヤマイチエステート,Standard
2991,ランドネット,Standard
2993,長栄,Standard
2999,ホームポジション,Standard
3001,片倉工業,Standard
3004,神栄,Standard
3010,ポラリスＨＤ,Standard
3011,バナーズ,Standard
3020,アプライド,Standard
3021,パシフィックネット,Standard
3023,ラサ商事,Standard
3024,クリエイト,Standard
3030,ハブ,Standard
3035,ケイティケイ,Standard
3041,ビューテＨＤ,Standard
3042,セキュアヴェイル,Standard
3045,カワサキ,Standard
3053,ペッパーフードサービス,Standard
3054,ハイパー,Standard
3058,三洋堂ホールディングス,Standard
3059,ヒラキ,Standard
3065,ライフフーズ,Standard
3067,東京一番フーズ,Standard
3068,ＷＤＩ,Standard
3069,ＪＦＬＡＨＤ,Standard
3071,ストリーム,Standard
3075,銚子丸,Standard
3077,ホリイフードサービス,Standard
3079,ディーブイエックス,Standard
3080,ジェーソン,Standard
3082,きちりホールディングス,Standard
3083,スターシーズ,Standard
3089,テクノアルファ,Standard
3096,オーシャンシステム,Standard
3103,ユニチカ,Standard
3111,オーミケンシ,Standard
3113,ＵＮＩＶＡ,Standard
3121,マーチャント,Standard
3123,サイボー,Standard
3131,シンデン・ハイテックス,Standard
3134,Ｈａｍｅｅ,Standard
3135,マーケットＥ,Standard
3137,ファンデリー,Standard
3138,富士山マガジンサービス,Standard
3143,オーウイル,Standard
3157,ジオリーブグループ,Standard
3159,丸善ＣＨＩ,Standard
3160,大光,Standard
3161,アゼアス,Standard
3166,ＯＣＨＩＨＤ,Standard
3168,ＭＥＲＦ,Standard
3169,ミサワ,Standard
3172,ティーライフ,Standard
3173,Ｃｏｍｉｎｉｘ,Standard
3174,ハピネス・アンド・ディ,Standard
3175,ＡＰＨＤ,Standard
3177,ありがとうサービス,Standard
3178,チムニー,Standard
3181,買取王国,Standard
3184,ＩＣＤＡ,Standard
3189,ＡＮＡＰＨＤ,Standard
3190,ホットマン,Standard
3192,白鳩,Standard
3202,ダイトウボウ,Standard
3204,トーア紡,Standard
3205,ダイドーリミテッド,Standard
3222,ＵＳＭＨ,Standard
3223,エスエルディー,Standard
3236,プロパスト,Standard
3238,セントラル総合開発,Standard
3241,ウィル,Standard
3242,アーバネット,Standard
3246,コーセーアールイー,Standard
3248,アールエイジ,Standard
3266,ファンクリＧ,Standard
3267,フィル・カンパニー,Standard
3271,ＴＨＥグローバル社,Standard
3277,サンセイランディック,Standard
3280,エストラスト,Standard
3286,トラストＨＤ,Standard
3293,アズマハウス,Standard
3294,イーグランド,Standard
3297,東武住販,Standard
3299,ムゲンエステート,Standard
3306,日本製麻,Standard
3317,フライングガーデン,Standard
3320,クロスプラス,Standard
3321,ミタチ産業,Standard
3323,レカム,Standard
3326,ランシステム,Standard
3329,東和フードサービス,Standard
3350,メタプラネット,Standard
3352,バッファロー,Standard
3353,メディカル一光グループ,Standard
3355,クリヤマＨＤ,Standard
3358,Ｔｒａｉｌ,Standard
3361,トーエル,Standard
3370,フジタコーポレーション,Standard
3372,関門海,Standard
3374,内外テック,Standard
3375,ＺＯＡ,Standard
3377,バイク王＆カンパニー,Standard
3386,コスモ・バイオ,Standard
3392,デリカフＨＤ,Standard
3396,フェリシモ,Standard
3399,丸千代山岡家,Standard
3409,北紡,Standard
3416,ピクスタ,Standard
3417,大木ヘルス,Standard
3420,ケー・エフ・シー,Standard
3421,稲葉製作所,Standard
3422,Ｊ－ＭＡＸ,Standard
3423,エスイー,Standard
3426,アトムリビンテック,Standard
3434,アルファ,Standard
3435,サンコーテクノ,Standard
3437,特殊電極,Standard
3439,三ツ知,Standard
3440,日創グループ,Standard
3441,山王,Standard
3444,菊池製作所,Standard
3446,Ｊテック・Ｃ,Standard
3447,信和,Standard
3449,テクノフレックス,Standard
3452,ビーロット,Standard
3454,ファーストブラザーズ,Standard
3461,パルマ,Standard
3467,アグレ都市デザイン,Standard
3469,デュアルタップ,Standard
3484,イノベＨＤ,Standard
3489,フェイスネットワーク,Standard
3490,アズ企画設計,Standard
3494,マリオン,Standard
3495,香陵住販,Standard
3512,日本フエルト,Standard
3513,イチカワ,Standard
3521,テルマー湯,Standard
3524,日東製網,Standard
3529,アツギ,Standard
3536,アクサスＨＤ,Standard
3537,昭栄薬品,Standard
3538,ウイルプラス,Standard
3544,サツドラＨＤ,Standard
3547,ユニシアＨＤ,Standard
3551,ダイニック,Standard
3553,共和レザー,Standard
3559,ピーバンドットコム,Standard
3560,ほぼ日,Standard
3562,Ｎｏ．１,Standard
3565,アセンテック,Standard
3571,ソトー,Standard
3577,東海染工,Standard
3583,オーベクス,Standard
3597,自重堂,Standard
3598,山喜,Standard
3600,フジックス,Standard
3607,クラウディア,Standard
3611,マツオカ,Standard
3622,ネットイヤーグループ,Standard
3627,テクミラ,Standard
3633,ＧＭＯペパボ,Standard
3634,ソケッツ,Standard
3639,ボルテージ,Standard
3640,電算,Standard
3641,パピレス,Standard
3646,駅探,Standard
3647,アスリナ,Standard
3648,ＡＧＳ,Standard
3667,ｅｎｉｓｈ,Standard
3670,協立情報通信,Standard
3671,ソフトマックス,Standard
3672,オルトプラス,Standard
3675,クロスマーケ,Standard
3682,エンカレッジ,Standard
3683,サイバーリンクス,Standard
3686,ディー・エル・イー,Standard
3690,イルグルム,Standard
3698,ＣＲＩ・ミドルウェア,Standard
3710,ジョルダン,Standard
3712,情報企画,Standard
3719,ＡＩストーム,Standard
3726,フォーシーズＨＤ,Standard
3733,ソフトウェア・サービス,Standard
3744,サイオス,Standard
3747,インタートレード,Standard
3750,ＡＤＲ１２０Ｓ,Standard
3753,フライト,Standard
3758,アエリア,Standard
3760,ケイブ,Standard
3766,システムズ・デザイン,Standard
3768,リスクモンスター,Standard
3772,ウェルス・マネジメント,Standard
3776,ブロードバンドタワー,Standard
3779,Ｊエスコム,Standard
3787,テクノマセマティカル,Standard
3791,ＩＧポート,Standard
3796,いい生活,Standard
3798,ＵＬＳグループ,Standard
3799,キーウェア,Standard
3800,ユニリタ,Standard
3802,エコミック,Standard
3804,システム　ディ,Standard
3810,ＣＳＨＤ,Standard
3816,大和コンピューター,Standard
3823,ＷＨＤＣ,Standard
3825,リミックスポイント,Standard
3826,システムインテグレータ,Standard
3839,ＯＤＫソリューションズ,Standard
3840,パス,Standard
3841,ジーダット,Standard
3842,ネクストジェン,Standard
3845,アイフリークモバイル,Standard
3848,データアプリ,Standard
3850,ＮＴＴＤイン,Standard
3851,日本一ソフトウェア,Standard
3856,Ａｂａｌａｎｃｅ,Standard
3858,ユビキタスＡＩ,Standard
3878,巴川コーポレーション,Standard
3891,ニッポン高度紙工業,Standard
3892,岡山製紙,Standard
3895,ハビックス,Standard
3896,阿波製紙,Standard
3907,シリコンスタジオ,Standard
3908,コラボス,Standard
3909,ショーケース,Standard
3910,エムケイシステム,Standard
3912,モバイルファクトリー,Standard
3913,ＧｒｅｅｎＢｅｅ,Standard
3918,ＰＣＩホールディングス,Standard
3920,アイビーシー,Standard
3926,オープンドア,Standard
3927,フーバーブレイン,Standard
3928,マイネット,Standard
3933,チエル,Standard
3934,ベネフィットジャパン,Standard
3935,エディア,Standard
3937,Ｕｂｉｃｏｍ,Standard
3940,ノムラシス,Standard
3943,大石産業,Standard
3944,古林紙工,Standard
3945,スーパーバッグ,Standard
3947,ダイナパック,Standard
3948,光ビジネスフォーム,Standard
3951,朝日印刷,Standard
3953,大村紙業,Standard
3954,昭和パックス,Standard
3955,イムラ,Standard
3958,笹徳印刷,Standard
3965,キャピタルＡ,Standard
3969,エイトレッド,Standard
3974,ＳＣＡＴ,Standard
3981,ビーグリー,Standard
3985,テモナ,Standard
3986,ビーブレイクシステムズ,Standard
3988,ＳＹＳホールディングス,Standard
3996,サインポスト,Standard
3997,トレードワークス,Standard
4012,アクシス,Standard
4016,ＭＩＴホールディングス,Standard
4026,神島化学工業,Standard
4031,片倉コープアグリ,Standard
4040,南海化学,Standard
4059,まぐまぐ,Standard
4093,東邦アセチレン,Standard
4094,日本化学産業,Standard
4098,チタン工業,Standard
4100,戸田工業,Standard
4102,丸尾カルシウム,Standard
4107,伊勢化学工業,Standard
4113,田岡化学工業,Standard
4119,日ピグＨＤ,Standard
4120,スガイ化学工業,Standard
4124,大阪油化工業,Standard
4125,三和油化工業,Standard
4171,グローバルＩ,Standard
4172,Ｈｉクラテス,Standard
4174,アピリッツ,Standard
4193,ファブリカ,Standard
4196,ネオマーケティング,Standard
4197,アスマーク,Standard
4198,テンダ,Standard
4222,児玉化学工業,Standard
4224,ロンシール工業,Standard
4231,タイガースポリマー,Standard
4234,サンエー化研,Standard
4235,ＵＦＨＤ,Standard
4237,フジプレアム,Standard
4238,ミライアル,Standard
4240,クラスターテクノロジー,Standard
4241,アテクト,Standard
4242,タカギセイコー,Standard
4243,ニックス,Standard
4245,ダイキアクシス,Standard
4247,ポバール興業,Standard
4248,竹本容器,Standard
4274,細谷火工,Standard
4284,ソルクシーズ,Standard
4286,ＣＬホールディングス,Standard
4287,ジャストプランニング,Standard
4288,アズジェント,Standard
4293,セプテニＨＤ,Standard
4299,ハイマックス,Standard
4317,レイ,Standard
4320,ＣＥホールディングス,Standard
4334,ユークス,Standard
4335,ＩＰＳホールディングス,Standard
4341,西菱電機,Standard
4346,ＮＥＸＹＺ．Ｇｒｏｕｐ,Standard
4347,ブロードメディア,Standard
4350,メディシス,Standard
4351,山田債権,Standard
4356,応用技術,Standard
4360,ＭＣＰｓ,Standard
4361,川口化学工業,Standard
4365,松本油脂製薬,Standard
4366,ダイトーケミックス,Standard
4367,広栄化学,Standard
4382,ＨＥＲＯＺ,Standard
4386,ＳＩＧグループ,Standard
4388,エーアイ,Standard
4398,ＢＢＳｅｃ,Standard
4404,ミヨシ油脂,Standard
4406,新日本理化,Standard
4409,東邦化学工業,Standard
4420,イーソル,Standard
4421,ディ・アイ・システム,Standard
4430,東海ソフト,Standard
4434,サーバーワークス,Standard
4439,東名,Standard
4440,ヴィッツ,Standard
4441,トビラシステムズ,Standard
4463,日華化学,Standard
4464,ソフト９９,Standard
4465,ニイタカ,Standard
4491,Ｃマネージ,Standard
4492,ゼネテック,Standard
4494,バリオセキュア,Standard
4499,Ｓｐｅｅｅ,Standard
4512,わかもと製薬,Standard
4524,森下仁丹,Standard
4531,有機合成薬品工業,Standard
4539,日本ケミファ,Standard
4556,カイノス,Standard
4558,中京医薬品,Standard
4595,ミズホメディー,Standard
4615,神東塗料,Standard
4616,川上塗料,Standard
4619,日本特殊塗料,Standard
4620,藤倉化成,Standard
4623,アサヒペン,Standard
4624,イサム塗料,Standard
4625,アトミクス,Standard
4627,ナトコ,Standard
4628,エスケー化研,Standard
4629,大伸化学,Standard
4635,東京インキ,Standard
4642,オリジナル設計,Standard
4644,イマジニア,Standard
4645,市進ホールディングス,Standard
4650,ＳＤエンターテイメント,Standard
4651,サニックスＨ,Standard
4657,環境管理センター,Standard
4659,エイジス,Standard
4664,アール・エス・シー,Standard
4667,アイサンテクノロジー,Standard
4671,ファルコＨＤ,Standard
4673,川崎地質,Standard
4678,秀英予備校,Standard
4679,田谷,Standard
4685,菱友システムズ,Standard
4691,ワシントンホテル,Standard
4705,クリップ,Standard
4707,キタック,Standard
4712,ＫｅｙＨｏｌｄｅｒ,Standard
4716,日本オラクル,Standard
4720,城南進学研究社,Standard
4728,トーセ,Standard
4735,京進,Standard
4736,日本ラッド,Standard
4746,東計電算,Standard
4750,ダイサン,Standard
4752,昭和システム,Standard
4754,トスネット,Standard
4760,アルファ,Standard
4761,さくらケーシーエス,Standard
4762,エックスネット,Standard
4766,ピーエイ,Standard
4767,テー・オー・ダブリュー,Standard
4769,ＩＣ,Standard
4771,エフアンドエム,Standard
4777,ガーラ,Standard
4783,ＮＣＤ,Standard
4800,オリコン,Standard
4814,ネクストウェア,Standard
4816,東映アニメーション,Standard
4829,日本エンタープライズ,Standard
4832,ＪＦＥシステムズ,Standard
4838,ＳＳＳＫＨＤ,Standard
4840,トライアイズ,Standard
4845,スカラ,Standard
4880,セルソース,Standard
4885,室町ケミカル,Standard
4918,アイビー化粧品,Standard
4920,日本色材工業研究所,Standard
4925,ハーバー研究所,Standard
4926,シーボン,Standard
4929,アジュバン,Standard
4932,アルマード,Standard
4935,リベルタ,Standard
4936,アクシージア,Standard
4960,ケミプロ化成,Standard
4966,上村工業,Standard
4970,東洋合成工業,Standard
4972,綜研化学,Standard
4976,東洋ドライルーブ,Standard
4977,新田ゼラチン,Standard
4979,ＯＡＴアグリオ,Standard
4990,昭和化学工業,Standard
4992,北興化学工業,Standard
4994,大成ラミックグループ,Standard
4998,フマキラー,Standard
5010,日本精蝋,Standard
5013,ユシロ,Standard
5015,ビーピー・カストロール,Standard
5018,ＭＯＲＥＳＣＯ,Standard
5071,ヴィス,Standard
5078,セレコーポレーション,Standard
5079,ノバック,Standard
5103,昭和ホールディングス,Standard
5133,テリロジＨＤ,Standard
5161,西川ゴム工業,Standard
5162,朝日ラバー,Standard
5184,ニチリン,Standard
5187,クリエートメディック,Standard
5189,櫻護謨,Standard
5194,相模ゴム工業,Standard
5199,不二ラテックス,Standard
5204,石塚硝子,Standard
5210,日本山村硝子,Standard
5216,倉元製作所,Standard
5218,オハラ,Standard
5237,ノザワ,Standard
5250,ＧＭＯプラ,Standard
5257,ノバシステム,Standard
5268,旭コンクリート工業,Standard
5271,トーヨーアサノ,Standard
5273,三谷セキサン,Standard
5279,日本興業,Standard
5280,ヨシコン,Standard
5282,ジオスター,Standard
5283,高見澤,Standard
5284,ヤマウホールディングス,Standard
5285,ヤマックス,Standard
5287,イトーヨーギョー,Standard
5290,ベルテクス,Standard
5304,ＳＥＣカーボン,Standard
5337,ダントーＨＤ,Standard
5341,アサヒエイト,Standard
5355,日本坩堝,Standard
5356,美濃窯業,Standard
5363,ＴＹＫ,Standard
5367,ニッカトー,Standard
5368,日本インシュレーション,Standard
5380,新東,Standard
5381,マイポックス,Standard
5388,クニミネ工業,Standard
5391,Ａ＆ＡＭ,Standard
5446,北越メタル,Standard
5449,大阪製鐵,Standard
5458,高砂鐵工,Standard
5464,モリ工業,Standard
5484,東北特殊鋼,Standard
5491,日本金属,Standard
5533,エリッツＨＤ,Standard
5542,新報国マテリアル,Standard
5571,エキサイト,Standard
5576,オービーシステム,Standard
5589,オートサーバー,Standard
5603,虹技,Standard
5609,日本鋳造,Standard
5612,日本鋳鉄管,Standard
5644,メタルアート,Standard
5658,日亜鋼業,Standard
5660,神鋼鋼線工業,Standard
5695,パウダーテック,Standard
5697,サンユウ,Standard
5698,エンビプロ,Standard
5699,イボキン,Standard
5721,エスクリプトエナジー,Standard
5724,アサカ理研,Standard
5729,日本精鉱,Standard
5742,ＮＩＣ,Standard
5753,日本伸銅,Standard
5816,オーナンバ,Standard
5817,ＪＭＡＣＳ,Standard
5819,カナレ電気,Standard
5820,三ッ星,Standard
5843,ニッポンインシュア,Standard
5845,全保連,Standard
5856,エルアイイーエイチ,Standard
5868,ロココ,Standard
5869,早稲田学習研究会,Standard
5871,ＳＯＬＩＺＥ,Standard
5885,ジーデップ・アドバンス,Standard
5891,魁力屋,Standard
5900,ダイケン,Standard
5903,シンポ,Standard
5905,日本製罐,Standard
5906,エムケー精工,Standard
5909,コロナ,Standard
5915,駒井ハルテック,Standard
5918,瀧上工業,Standard
5921,川岸工業,Standard
5922,那須電機鉄工,Standard
5923,高田機工,Standard
5928,アルメタックス,Standard
5936,東洋シヤッター,Standard
5939,大谷工業,Standard
5940,不二サッシ,Standard
5941,中西製作所,Standard
5942,日本フイルコン,Standard
5945,天龍製鋸,Standard
5950,日本パワーファスニング,Standard
5951,ダイニチ工業,Standard
5952,アマテイ,Standard
5955,ワイズホールディングス,Standard
5956,トーソー,Standard
5958,三洋工業,Standard
5962,浅香工業,Standard
5965,フジマック,Standard
5966,ＫＴＣ,Standard
5967,ＴＯＮＥ,Standard
5969,ロブテックス,Standard
5971,共和工業所,Standard
5973,トーアミ,Standard
5974,中国工業,Standard
5982,マルゼン,Standard
5983,イワブチ,Standard
5984,兼房,Standard
5985,サンコール,Standard
5986,モリテック　スチール,Standard
5987,オーネックス,Standard
5990,スーパーツール,Standard
5992,中央発條,Standard
5994,ファインシンター,Standard
5997,協立エアテック,Standard
5998,アドバネクス,Standard
6016,ジャパンエン,Standard
6018,阪神内燃機工業,Standard
6022,赤阪鐵工所,Standard
6023,ダイハツイン,Standard
6029,アトラグループ,Standard
6035,ＩＲジャパン,Standard
6037,楽待,Standard
6042,ニッキ,Standard
6044,三機サービス,Standard
6046,リンクバル,Standard
6054,リブセンス,Standard
6059,ウチヤマＨＤ,Standard
6061,ユニバーサル園芸社,Standard
6063,ＥＡＪ,Standard
6072,地盤ＨＤ,Standard
6074,ジェイエスエス,Standard
6082,ライドオンＥ,Standard
6083,ＥＲＩホールディングス,Standard
6087,アビスト,Standard
6090,ＨＭＴ,Standard
6091,ウエスコＨＤ,Standard
6092,エンバイオＨ,Standard
6093,エスクロＡＪ,Standard
6096,レアジョブ,Standard
6125,岡本工作機械製作所,Standard
6137,小池酸素工業,Standard
6138,ダイジェット工業,Standard
6144,西部電機,Standard
6145,ＮＩＴＴＯＫＵ,Standard
6147,ヤマザキ,Standard
6149,小田原エンジニアリング,Standard
6150,タケダ機械,Standard
6155,高松機械工業,Standard
6156,エーワン精密,Standard
6157,日進工具,Standard
6158,和井田製作所,Standard
6159,ミクロン精密,Standard
6161,エスティック,Standard
6165,パンチ工業,Standard
6171,土木管理総合試験所,Standard
6176,ブランジスタ,Standard
6185,ＳＭＮ,Standard
6186,一蔵,Standard
6189,Ｇキッズ,Standard
6199,セラク,Standard
6203,豊和工業,Standard
6208,石川製作所,Standard
6217,津田駒工業,Standard
6218,エンシュウ,Standard
6223,西部技研,Standard
6226,守谷輸送機工業,Standard
6227,ＡＩメカテック,Standard
6228,ジェイ・イー・ティ,Standard
6229,オーケーエム,Standard
6230,ＳＡＮＥＩ,Standard
6231,木村工機,Standard
6233,ＫＬＡＳＳ,Standard
6239,ナガオカ,Standard
6245,ヒラノテクシード,Standard
6246,テクノスマート,Standard
6248,横田製作所,Standard
6249,ゲームカード,Standard
6257,藤商事,Standard
6262,ＰＥＧＡＳＵＳ,Standard
6265,コンバム,Standard
6267,ゼネラルパッカー,Standard
6276,シリウスビジョン,Standard
6286,靜甲,Standard
6291,日本エアーテック,Standard
6292,カワタ,Standard
6307,サンセイ,Standard
6316,丸山製作所,Standard
6317,北川鉄工所,Standard
6322,タクミナ,Standard
6325,タカキタ,Standard
6327,北川精機,Standard
6334,明治機械,Standard
6335,東京機械製作所,Standard
6336,石井表記,Standard
6337,テセック,Standard
6338,タカトリ,Standard
6342,太平製作所,Standard
6343,フリージア・マクロス,Standard
6346,キクカワ,Standard
6347,プラコー,Standard
6356,日本ギア工業,Standard
6357,三精テクノロジーズ,Standard
6360,東京自働機械製作所,Standard
6365,電業社機械製作所,Standard
6366,千代田化工建設,Standard
6378,木村化工機,Standard
6380,オリエンタルチエン工業,Standard
6382,トリニティ工業,Standard
6384,昭和真空,Standard
6391,加地テック,Standard
6392,ヤマダコーポレーション,Standard
6393,油研工業,Standard
6396,宇野澤組鐵工所,Standard
6400,不二精機,Standard
6402,兼松エンジニアリング,Standard
6403,水道機工,Standard
6405,鈴茂器工,Standard
6408,小倉クラッチ,Standard
6424,高見サイ,Standard
6425,ユニバーサル,Standard
6428,オーイズミ,Standard
6433,ヒーハイスト,Standard
6444,サンデン,Standard
6466,ＴＶＥ,Standard
6467,ニチダイ,Standard
6469,放電精密加工研究所,Standard
6470,大豊工業,Standard
6482,ＹＵＳＨＩＮ,Standard
6484,ＫＶＫ,Standard
6485,前澤給装工業,Standard
6488,ヨシタケ,Standard
6489,前澤工業,Standard
6492,岡野バルブ製造,Standard
6493,ＮＩＴＴＡＮ,Standard
6494,ＮＦＫホールディングス,Standard
6495,宮入バルブ製作所,Standard
6496,中北製作所,Standard
6497,ハマイ,Standard
6505,東洋電機製造,Standard
6513,オリジン,Standard
6518,三相電機,Standard
6524,湖北工業,Standard
6538,ディスラプターズ,Standard
6540,船場,Standard
6543,日宣,Standard
6546,フルテック,Standard
6547,グリーンズ,Standard
6549,ＤＭソリュ,Standard
6551,ツナグＧＨＤ,Standard
6552,ＧａｍｅＷｉｔｈ,Standard
6555,ＭＳコンサル,Standard
6565,ＡＢホテル,Standard
6566,要興業,Standard
6570,共和コーポレーション,Standard
6578,コレックＨＤ,Standard
6599,エブレン,Standard
6614,シキノハイテック,Standard
6625,ＪＡＬＣＯ,Standard
6626,ＳＥＭＩＴＥＣ,Standard
6627,テラプローブ,Standard
6629,テクノホライゾン,Standard
6633,ＣＧＳホールディングス,Standard
6634,ＪＮグループ,Standard
6635,大日光,Standard
6637,寺崎電気産業,Standard
6643,戸上電機製作所,Standard
6647,森尾電機,Standard
6648,かわでん,Standard
6654,不二電機工業,Standard
6656,インスペック,Standard
6658,シライ電子工業,Standard
6659,メディアリンクス,Standard
6662,ユビテック,Standard
6663,太洋テクノレックス,Standard
6664,オプトエレクトロニクス,Standard
6666,リバーエレテック,Standard
6668,ＡＤプラズマ,Standard
6670,ＭＣＪ,Standard
6675,サクサ,Standard
6676,バッファロー,Standard
6677,エスケーエレ,Standard
6678,テクノメディカ,Standard
6694,ズーム,Standard
6699,ダイヤＨＤ,Standard
6721,ウインテスト,Standard
6730,アクセル,Standard
6731,ピクセラ,Standard
6736,サン電子,Standard
6743,大同信号,Standard
6748,星和電機,Standard
6757,ＯＳＧコーポレーション,Standard
6769,ザインエレクトロニクス,Standard
6771,池上通信機,Standard
6772,東京コスモス電機,Standard
6775,ＴＢグループ,Standard
6776,天昇電気工業,Standard
6777,ｓａｎｔｅｃ,Standard
6778,アルチザネットワークス,Standard
6786,ＲＶＨ,Standard
6797,名古屋電機工業,Standard
6803,ティアック,Standard
6819,伊豆シャボテンリゾート,Standard
6822,大井電気,Standard
6824,新コスモス電機,Standard
6832,アオイ電子,Standard
6834,精工技研,Standard
6835,アライドＨＤ,Standard
6836,ぷらっとホーム,Standard
6837,京写,Standard
6838,多摩川ホールディングス,Standard
6840,ＡＫＩＢＡ,Standard
6848,東亜ディーケーケー,Standard
6853,共和電業,Standard
6855,日本電子材料,Standard
6858,小野測器,Standard
6862,ミナトホールディングス,Standard
6863,ニレコ,Standard
6864,エヌエフＨＤ,Standard
6867,リーダー電子,Standard
6870,日本フェンオール,Standard
6874,協立電機,Standard
6877,ＯＢＡＲＡ　ＧＲＯＵＰ,Standard
6882,三社電機製作所,Standard
6888,アクモス,Standard
6890,フェローテック,Standard
6894,パルステック工業,Standard
6897,ツインバード,Standard
6898,トミタ電機,Standard
6899,ＡＳＴＩ,Standard
6901,澤藤電機,Standard
6904,原田工業,Standard
6907,ジオマテック,Standard
6912,菊水ホールディングス,Standard
6915,千代田インテグレ,Standard
6918,アバールデータ,Standard
6919,ケル,Standard
6926,岡谷電機産業,Standard
6927,ヘリオスＴＨ,Standard
6928,エノモト,Standard
6932,遠藤照明,Standard
6942,ソフィア,Standard
6943,ＮＫＫスイッチズ,Standard
6946,日本アビオニクス,Standard
6955,ＦＤＫ,Standard
6960,フクダ電子,Standard
6964,サンコー,Standard
6969,松尾電機,Standard
6977,日本抵抗器製作所,Standard
6982,リード,Standard
6989,北陸電気工業,Standard
6993,大黒屋ホールディングス,Standard
6994,指月電機製作所,Standard
6998,日本タングステン,Standard
7014,名村造船所,Standard
7018,内海造船,Standard
7021,ニッチツ,Standard
7022,サノヤスＨＤ,Standard
7030,スプリックス,Standard
7035,ａｎｄ　ｆａｃｔｏｒｙ,Standard
7037,テノ．ホールディングス,Standard
7040,サンライフＨ,Standard
7042,アクセスＨＤ,Standard
7044,ピアラ,Standard
7057,エヌ・シー・エヌ,Standard
7058,共栄セキュリ,Standard
7060,ギークス,Standard
7064,ハウテレビジョン,Standard
7065,ユーピーアール,Standard
7081,コーユーレンティア,Standard
7087,ウイルテック,Standard
7111,ＩＮＥＳＴ,Standard
7115,アルファパーチェス,Standard
7120,ＳＨＩＮＫＯ,Standard
7122,近畿車輛,Standard
7126,グローバルスタイル,Standard
7127,一家ホールディングス,Standard
7129,ミアヘルサ,Standard
7131,のむら産業,Standard
7134,アップガレージグループ,Standard
7135,Ｊクラフト,Standard
7150,島根銀行,Standard
7161,じもとホールディングス,Standard
7162,アストマックス,Standard
7175,今村証券,Standard
7177,ＧＭＯ－ＦＨ,Standard
7183,あんしん保証,Standard
7185,ヒロセ通商,Standard
7191,イントラスト,Standard
7192,日本モーゲージサービス,Standard
7196,Ｃａｓａ,Standard
7208,カネミツ,Standard
7212,エフテック,Standard
7213,レシップＨＤ,Standard
7214,ＧＭＢ,Standard
7215,ファルテック,Standard
7217,テイン,Standard
7218,田中精密工業,Standard
7219,エッチ・ケー・エス,Standard
7222,日産車体,Standard
7228,デイトナ,Standard
7229,ユタカ技研,Standard
7235,東京ラヂエーター製造,Standard
7247,ミクニ,Standard
7254,ユニバンス,Standard
7255,桜井製作所,Standard
7256,河西工業,Standard
7264,ムロコーポレーション,Standard
7265,エイケン工業,Standard
7266,今仙電機製作所,Standard
7271,安永,Standard
7273,イクヨ,Standard
7277,ＴＢＫ,Standard
7279,ハイレックス,Standard
7284,盟和産業,Standard
7287,日本精機,Standard
7291,日本プラスト,Standard
7292,村上開明堂,Standard
7297,カーメイト,Standard
7299,フジオーゼックス,Standard
7305,新家工業,Standard
7314,小田原機器,Standard
7354,Ｄｍミックス,Standard
7357,ジオコード,Standard
7358,ポピンズ,Standard
7367,セルム,Standard
7368,表示灯,Standard
7377,ＤＮホールディングス,Standard
7399,ナンシン,Standard
7412,アトム,Standard
7413,創健社,Standard
7416,はるやまＨＤ,Standard
7417,南陽,Standard
7422,東邦レマック,Standard
7425,初穂商事,Standard
7426,山大,Standard
7427,エコートレーディング,Standard
7434,オータケ,Standard
7435,ナ・デックス,Standard
7442,中山福,Standard
7443,横浜魚類,Standard
7444,ハリマ共和物産,Standard
7446,東北化学薬品,Standard
7460,ヤギ,Standard
7461,キムラ,Standard
7462,ＣＡＰＩＴＡ,Standard
7463,アドヴァングループ,Standard
7464,セフテック,Standard
7472,鳥羽洋行,Standard
7477,ムラキ,Standard
7480,スズデン,Standard
7481,尾家産業,Standard
7486,サンリン,Standard
7487,小津産業,Standard
7490,日新商事,Standard
7494,コナカ,Standard
7500,西川計測,Standard
7501,ティムコ,Standard
7502,プラザホールディングス,Standard
7505,扶桑電通,Standard
7506,ハウス　オブ　ローゼ,Standard
7509,アイエーグループ,Standard
7512,イオン北海道,Standard
7514,ヒマラヤ,Standard
7515,マルヨシセンター,Standard
7521,ムサシ,Standard
7523,アールビバン,Standard
7524,マルシェ,Standard
7527,システムソフト,Standard
7531,清和中央ＨＤ,Standard
7538,大水,Standard
7539,アイナボＨＤ,Standard
7544,スリーエフ,Standard
7551,ウェッズ,Standard
7555,大田花き,Standard
7561,ハークスレイ,Standard
7562,安楽亭,Standard
7564,ワークマン,Standard
7565,萬世電機,Standard
7567,栄電子,Standard
7570,橋本総業ＨＤ,Standard
7571,ヤマノホールディングス,Standard
7578,ニチリョク,Standard
7585,かんなん丸,Standard
7590,タカショー,Standard
7601,ポプラ,Standard
7602,レダックス,Standard
7603,ジーイエット,Standard
7604,梅の花グループ,Standard
7608,エスケイジャパン,Standard
7610,テイツー,Standard
7614,オーエムツー,Standard
7615,京都友禅ＨＤ,Standard
7619,田中商事,Standard
7621,うかい,Standard
7624,ＮａＩＴＯ,Standard
7625,グローバルダイニング,Standard
7634,星医療酸器,Standard
7636,ハンズマン,Standard
7638,ＮＥＷＡＲＴ,Standard
7640,トップカルチャー,Standard
7643,ダイイチ,Standard
7646,ＰＬＡＮＴ,Standard
7670,オーウエル,Standard
7673,ダイコー通産,Standard
7677,ヤシマキザイ,Standard
7678,あさくま,Standard
7681,レオクラン,Standard
7682,浜木綿,Standard
7686,ひとまいる,Standard
7692,アースインフィニティ,Standard
7698,アイスコ,Standard
7702,ＪＭＳ,Standard
7709,クボテック,Standard
7711,助川電気工業,Standard
7713,シグマ光機,Standard
7716,ナカニシ,Standard
7719,東京衡機,Standard
7722,国際計測器,Standard
7726,黒田精工,Standard
7727,オーバル,Standard
7743,シード,Standard
7746,岡本硝子,Standard
7749,メディキット,Standard
7760,ＩＭＶ,Standard
7771,日本精密,Standard
7775,大研医器,Standard
7781,平山ホールディングス,Standard
7782,シンシア,Standard
7791,ドリームベッド,Standard
7795,ＫＹＯＲＩＴＳＵ,Standard
7800,アミファ,Standard
7804,ビーアンドピー,Standard
7805,プリントネット,Standard
7807,幸和製作所,Standard
7808,シー・エス・ランバー,Standard
7809,壽屋,Standard
7810,クロスフォー,Standard
7811,中本パックス,Standard
7812,クレステック,Standard
7813,プラッツ,Standard
7814,日本創発グループ,Standard
7815,東京ボード工業,Standard
7819,粧美堂,Standard
7822,永大産業,Standard
7823,アートネイチャー,Standard
7827,オービス,Standard
7831,ウイルコＨＤ,Standard
7833,アイフィスジャパン,Standard
7836,アビックス,Standard
7837,アールシーコア,Standard
7841,遠藤製作所,Standard
7847,グラファイトデザイン,Standard
7849,スターツ出版,Standard
7850,総合商研,Standard
7851,カワセコンピ,Standard
7857,セキ,Standard
7859,アルメディオ,Standard
7863,平賀,Standard
7865,ピープル,Standard
7871,フクビ化学工業,Standard
7872,エステール,Standard
7875,竹田ｉＰ,Standard
7877,永大化工,Standard
7878,光・彩,Standard
7879,ノダ,Standard
7883,サンメッセ,Standard
7885,タカノ,Standard
7886,ヤマトモビＭ,Standard
7887,南海プライウッド,Standard
7896,セブン工業,Standard
7897,ホクシン,Standard
7898,ウッドワン,Standard
7901,マツモト,Standard
7902,ソノコム,Standard
7906,ヨネックス,Standard
7908,ＫＩＭＯＴＯ,Standard
7916,光村印刷,Standard
7918,ヴィアＨＤ,Standard
7919,野崎印刷紙業,Standard
7922,三光産業,Standard
7927,ムトー精工,Standard
7928,旭化学工業,Standard
7932,ニッピ,Standard
7937,ツツミ,Standard
7938,リーガル,Standard
7939,研創,Standard
7940,ウェーブＨＤ,Standard
7946,光陽社,Standard
7953,菊水化学工業,Standard
7957,フジコピアン,Standard
7963,興研,Standard
7971,東リ,Standard
7975,リヒトラブ,Standard
7980,重松製作所,Standard
7983,ミロク,Standard
7985,ネポン,Standard
7986,日本アイ・エス・ケイ,Standard
7987,ナカバヤシ,Standard
7991,マミヤ・オーピー,Standard
7992,セーラー万年筆,Standard
7997,くろがね工作所,Standard
7999,ＭＵＴＯＨ,Standard
8006,ユアサ・フナショク,Standard
8013,ナイガイ,Standard
8018,三共生興,Standard
8023,ＤＡＩＫＯ　ＸＴＥＣＨ,Standard
8025,ツカモト,Standard
8029,ルックホールディングス,Standard
8030,中央魚類,Standard
8039,築地魚市場,Standard
8040,東京ソワール,Standard
8041,ＯＵＧホールディングス,Standard
8045,横浜丸魚,Standard
8046,丸藤シートパイル,Standard
8066,三谷商事,Standard
8076,カノークス,Standard
8077,トルク,Standard
8085,ナラサキ産業,Standard
8089,ナイス,Standard
8104,クワザワＨＤ,Standard
8105,ＢＴＣＪＰＮ,Standard
8107,キムラタン,Standard
8115,ムーンバット,Standard
8117,中央自動車工業,Standard
8118,キング,Standard
8119,三栄コーポレーション,Standard
8123,川辺,Standard
8127,ヤマトインタ,Standard
8131,ミツウロコＧ,Standard
8135,ゼット,Standard
8138,三京化成,Standard
8139,ナガホリ,Standard
8143,ラピーヌ,Standard
8144,デンキョーＧ,Standard
8147,トミタ,Standard
8152,ソマール,Standard
8165,千趣会,Standard
8166,タカキュー,Standard
8181,東天紅,Standard
8198,マックスバリュ東海,Standard
8202,ラオックス,Standard
8207,テンアライド,Standard
8225,タカチホ,Standard
8226,理経,Standard
8230,はせがわ,Standard
8244,近鉄百貨店,Standard
8247,大和,Standard
8254,さいか屋,Standard
8260,井筒屋,Standard
8275,フォーバル,Standard
8285,三谷産業,Standard
8289,Ｏｌｙｍｐｉｃグループ,Standard
8291,日産東ＨＤ,Standard
8349,東北銀行,Standard
8365,富山銀行,Standard
8383,鳥取銀行,Standard
8416,高知銀行,Standard
8508,Ｊトラスト,Standard
8518,日本アジア投資,Standard
8537,大光銀行,Standard
8542,トマト銀行,Standard
8562,福島銀行,Standard
8563,大東銀行,Standard
8572,アコム,Standard
8596,九州リースサービス,Standard
8617,光世証券,Standard
8699,ＨＳホールディングス,Standard
8700,丸八証券,Standard
8704,トレイダーズ,Standard
8705,日産証券グループ,Standard
8737,あかつき本社,Standard
8742,小林洋行,Standard
8746,ｕｎｂａｎｋｅｄ,Standard
8747,豊トラスティ証券,Standard
8769,アドバンＲＭ,Standard
8772,アサックス,Standard
8783,ａｂｃ,Standard
8789,フィンテック,Standard
8835,太平洋興発,Standard
8836,ＲＩＳＥ,Standard
8841,テーオーシー,Standard
8844,コスモスイニシア,Standard
8864,空港施設,Standard
8869,明和地所,Standard
8871,ゴールドクレスト,Standard
8887,シーラホールディングス,Standard
8891,ＡＭＧホールディングス,Standard
8894,ＲＥＶＯＬＵＴＩＯＮ,Standard
8898,センチュ２１,Standard
8904,ＡＶＡＮＴＩＡ,Standard
8908,毎日コムネット,Standard
8912,エリアクエスト,Standard
8914,エリアリンク,Standard
8917,ファースト住建,Standard
8918,ランド,Standard
8920,東祥,Standard
8927,明豊エンタープライズ,Standard
8928,穴吹興産,Standard
8929,青山財産ネットワークス,Standard
8931,和田興産,Standard
8944,ランドビジネス,Standard
8945,サンネクスタグループ,Standard
8946,ＡＳＩＡＮ　ＳＴＡＲ,Standard
8995,誠建設工業,Standard
8996,ハウスフリーダム,Standard
9012,秩父鉄道,Standard
9017,新潟交通,Standard
9028,ゼロ,Standard
9029,ヒガシホールディングス,Standard
9033,広島電鉄,Standard
9034,南総通運,Standard
9036,東部ネットワーク,Standard
9049,京福電気鉄道,Standard
9051,センコン物流,Standard
9057,遠州トラック,Standard
9059,カンダホールディングス,Standard
9060,日本ロジテム,Standard
9063,岡山県貨物運送,Standard
9067,丸運,Standard
9073,京極運輸商事,Standard
9074,日本石油輸送,Standard
9082,大和自動車交通,Standard
9083,神姫バス,Standard
9087,タカセ,Standard
9115,明海グループ,Standard
9127,玉井商船,Standard
9130,共栄タンカー,Standard
9145,ビイングＨＤ,Standard
9160,オンザページ,Standard
9171,栗林商船,Standard
9173,東海汽船,Standard
9193,東京汽船,Standard
9206,スターフライヤー,Standard
9213,セイファート,Standard
9220,エフビー介護サービス,Standard
9221,フルハシＥＰＯ,Standard
9233,アジア航測,Standard
9248,人・夢・技術グループ,Standard
9249,日本エコシステム,Standard
9262,シルバーライフ,Standard
9264,ポエック,Standard
9265,ヤマシタＨＤ,Standard
9268,オプティマスグループ,Standard
9306,東陽倉庫,Standard
9307,杉村倉庫,Standard
9308,乾汽船,Standard
9311,アサガミ,Standard
9312,ケイヒン,Standard
9313,丸八倉庫,Standard
9322,川西倉庫,Standard
9325,ファイズＨＤ,Standard
9327,イー・ロジット,Standard
9339,コーチ・エィ,Standard
9340,アソインターナショナル,Standard
9351,東洋埠頭,Standard
9353,櫻島埠頭,Standard
9355,リンコー,Standard
9360,鈴与シンワート,Standard
9361,伏木海陸運送,Standard
9362,兵機海運,Standard
9363,大運,Standard
9365,トレーディア,Standard
9366,サンリツ,Standard
9367,大東港運,Standard
9368,キムラユニティー,Standard
9369,キユーソー流通システム,Standard
9376,ユーラシア旅行社,Standard
9380,東海運,Standard
9385,ショーエイ,Standard
9408,ＢＳＮＨＤ,Standard
9414,日本ＢＳ放送,Standard
9417,スマートバリュー,Standard
9419,ワイヤレスゲート,Standard
9421,エヌジェイ,Standard
9423,フォーバルＲ,Standard
9425,ＲｅＹｕｕ　Ｊａｐａｎ,Standard
9428,クロップス,Standard
9436,沖縄セルラー電話,Standard
9439,M・H・GROUP LTD.,Standard
9441,ベルパーク,Standard
9444,トーシンＨＤ,Standard
9445,フォーバルテレコム,Standard
9446,サカイホールディングス,Standard
9450,ファイバーゲート,Standard
9466,アイドマＭＣ,Standard
9475,昭文社ホールディングス,Standard
9476,中央経済ＨＤ,Standard
9478,ＳＥＨＩ,Standard
9514,エフオン,Standard
9537,北陸ガス,Standard
9539,京葉瓦斯,Standard
9564,ＦＣＥ,Standard
9610,ウィルソンＷ,Standard
9625,セレスポ,Standard
9632,スバル興業,Standard
9633,東京テアトル,Standard
9635,武蔵野興業,Standard
9636,きんえい,Standard
9639,三協フロンテア,Standard
9640,セゾンテクノロジー,Standard
9647,協和コンサルタンツ,Standard
9651,日本プロセス,Standard
9656,グリーンランドリゾート,Standard
9661,歌舞伎座,Standard
9679,ホウライ,Standard
9685,ＫＹＣＯＭ,Standard
9686,東洋テック,Standard
9687,ＫＳＫ,Standard
9691,両毛システムズ,Standard
9698,クレオ,Standard
9701,東京會舘,Standard
9704,アゴーラＨＧ,Standard
9708,帝国ホテル,Standard
9709,ＮＣＳ＆Ａ,Standard
9713,ロイヤルホテル,Standard
9720,ホテル、ニューグランド,Standard
9723,京都ホテル,Standard
9726,ＫＮＴＣＴ,Standard
9731,白洋舎,Standard
9733,ナガセ,Standard
9753,アイエックス・ナレッジ,Standard
9760,進学会ホールディングス,Standard
9761,東海リース,Standard
9763,丸建リース,Standard
9767,日建工学,Standard
9768,いであ,Standard
9778,昴,Standard
9780,ハリマビステム,Standard
9782,ディーエムエス,Standard
9791,ビケンテクノ,Standard
9799,旭情報サービス,Standard
9812,テーオーＨＤ,Standard
9816,ストライダーズ,Standard
9818,大丸エナウィン,Standard
9820,エムティジェネックス,Standard
9823,マミーマート,Standard
9827,リリカラ,Standard
9828,ゲンキＧＤＣ,Standard
9835,ジュンテンドー,Standard
9845,パーカー,Standard
9846,天満屋ストア,Standard
9849,共同紙,Standard
9853,銀座ルノアール,Standard
9854,愛眼,Standard
9856,ケーユーＨＤ,Standard
9857,英和,Standard
9867,ソレキア,Standard
9872,北恵,Standard
9876,コックス,Standard
9878,セキド,Standard
9885,シャルレ,Standard
9888,ＵＥＸ,Standard
9890,マキヤ,Standard
9895,コンセック,Standard
9896,ＪＫホールディングス,Standard
9903,カンセキ,Standard
9904,ベリテ,Standard
9906,藤井産業,Standard
9908,日本電計,Standard
9913,日邦産業,Standard
9914,植松商会,Standard
9927,ワットマン,Standard
9929,平和紙業,Standard
9930,北沢産業,Standard
9941,太洋物産,Standard
9950,ハチバン,Standard
9955,ヨンキュウ,Standard
9959,アシードＨＤ,Standard
9969,ショクブン,Standard
9972,アルテック,Standard
9973,ＫＯＺＯＨＤ,Standard
9976,セキチュー,Standard
9978,文教堂ＧＨＤ,Standard
9979,大庄,Standard
9980,ＭＲＫホールディングス,Standard
9982,タキヒヨー,Standard
9986,蔵王産業,Standard
9993,ヤマザワ,Standard
9994,やまや,Standard
9996,サトー商会,Standard
146A,コロンビア・ワークス,Standard
160A,アズパートナーズ,Standard
197A,タウンズ,Standard
208A,構造計画ＨＤ,Standard
211A,カドスＣ,Standard
220A,ファベル,Standard
250A,シマダヤ,Standard
253A,ＥＴＳグループ,Standard
254A,ＡＩＦＣＧ,Standard
255A,ＧＬテクノ,Standard
261A,日水コン,Standard
274A,ガーデン,Standard
287A,黒田グループ,Standard
297A,アルピコＨＤ,Standard
300A,ＭＩＣ,Standard
331A,メディックス,Standard
343A,ＩＡＣＥトラベル,Standard
365A,伊澤タオル,Standard
367A,プリモＧＨＤ,Standard
372A,レント,Standard
386A,みのや,Standard
407A,ＵＮＩＣＯＮ,Standard
416A,富士ユナイト,Standard
423A,ライオン事務器,Standard
428A,サイプレス,Standard
463A,インテリクス,Standard
475A,ギミック,Standard
476A,辻本郷ＩＴＣ,Standard
483A,テラテクノロジー,Standard
500A,ＴＯブックス,Standard
505A,ギークリー,Standard
548A,システムエグゼ,Standard
549A,ヒトトヒトＨ,Standard
550A,ソフトテックス,Standard
559A,梅乃宿酒造,Standard
